model,image_id,label,pred,prob,inside_fraction,density_ratio,lesion_area_frac
CNN,ISIC_0025542,0,0,0.3176960051059723,0.0977817103266716,1.5124956369400024,0.06686463647959184
CNN,ISIC_0030365,0,1,0.6042547225952148,0.8877123594284058,9.33360767364502,0.45858577806122447
CNN,ISIC_0029214,0,0,0.39010319113731384,0.0187294352799654,0.0783597007393837,0.19587053571428573
CNN,ISIC_0024794,0,0,0.39321261644363403,0.08783061802387238,0.16800819337368011,0.3643176020408163
CNN,ISIC_0033830,0,0,0.3612940013408661,0.07646328210830688,0.4682433307170868,0.15025111607142858
CNN,ISIC_0032392,0,0,0.22793292999267578,0.5999629497528076,1.253602147102356,0.5447026466836735
CNN,ISIC_0032748,0,1,0.8459903001785278,0.9237297773361206,24.59197998046875,0.32997847576530615
CNN,ISIC_0032277,0,0,0.47752535343170166,0.7220045924186707,3.3571343421936035,0.43618463010204084
CNN,ISIC_0026014,0,1,0.5050774812698364,0.8778876662254333,4.613083362579346,0.6091358418367347
CNN,ISIC_0033221,0,0,0.4091106057167053,0.025778936222195625,0.11630354821681976,0.18534757653061223
CNN,ISIC_0025427,0,0,0.38157057762145996,0.9882505536079407,74.11473083496094,0.5315888073979592
CNN,ISIC_0024807,0,0,0.1317383497953415,0.0033416748046875,0.0025242932606488466,0.5704918686224489
CNN,ISIC_0025250,0,1,0.57356196641922,0.16121530532836914,5.4114484786987305,0.034299266581632654
CNN,ISIC_0029041,0,1,0.6680061221122742,0.79720139503479,8.339861869812012,0.32035235969387754
CNN,ISIC_0027124,0,0,0.30822786688804626,0.024355772882699966,0.07512274384498596,0.2494220344387755
CNN,ISIC_0027357,0,0,0.3288978934288025,1.9955899915657938e-05,0.00010863329225685447,0.1551937181122449
CNN,ISIC_0033840,0,0,0.3151386082172394,0.008147209882736206,0.15804333984851837,0.04940609056122449
CNN,ISIC_0034168,0,1,0.7135143876075745,0.6946837902069092,8.115631103515625,0.21896922831632654
CNN,ISIC_0027068,0,0,0.2190077006816864,0.009374575689435005,0.06858240813016891,0.12125318877551021
CNN,ISIC_0033416,1,1,0.8538028001785278,0.8365768194198608,15.83328628540039,0.24431999362244897
CNN,ISIC_0027601,0,0,0.475166916847229,0.2187483012676239,0.875359833240509,0.2423469387755102
CNN,ISIC_0031401,1,1,0.8764816522598267,0.8554908037185669,7.1029863357543945,0.4545798788265306
CNN,ISIC_0028992,0,1,0.518162727355957,0.8126628994941711,2.2080585956573486,0.6626873405612245
CNN,ISIC_0024985,0,0,0.28843483328819275,0.02285606600344181,0.09610137343406677,0.19575095663265307
CNN,ISIC_0027650,0,1,0.6786890029907227,0.8169797658920288,4.258408069610596,0.5117785395408163
CNN,ISIC_0029249,0,1,0.5990366339683533,0.437053382396698,3.389052629470825,0.18638392857142858
CNN,ISIC_0033210,0,0,0.4338793158531189,0.13186562061309814,0.6057091951370239,0.20049426020408162
CNN,ISIC_0032364,0,1,0.6598879098892212,0.7355883121490479,7.736340045928955,0.2644889987244898
CNN,ISIC_0033549,0,1,0.5233283042907715,0.8514852523803711,28.234766006469727,0.1687858737244898
CNN,ISIC_0031044,0,1,0.6673851609230042,0.510597825050354,1.2321443557739258,0.4585060586734694
CNN,ISIC_0026620,0,0,0.3106343746185303,0.04680390655994415,0.08937282860279083,0.35459183673469385
CNN,ISIC_0024323,1,1,0.575945258140564,0.8045555353164673,8.259231567382812,0.33262914540816324
CNN,ISIC_0033811,0,1,0.5602816939353943,0.20657145977020264,1.5390231609344482,0.1446906887755102
CNN,ISIC_0031387,0,0,0.3381947875022888,0.8930906653404236,7.588628768920898,0.5239955357142857
CNN,ISIC_0029154,0,0,0.3665349781513214,0.11514396220445633,0.41662105917930603,0.23800223214285715
CNN,ISIC_0028284,0,0,0.35647517442703247,0.0,0.0,0.10152264030612244
CNN,ISIC_0034225,0,0,0.24385912716388702,0.0,0.0,0.115234375
CNN,ISIC_0029733,0,0,0.26736927032470703,0.029610570520162582,0.1677604466676712,0.1538982780612245
CNN,ISIC_0026806,0,0,0.11828530579805374,0.0,0.0,0.13087930484693877
CNN,ISIC_0027000,0,0,0.3680197596549988,0.022257577627897263,0.08079143613576889,0.21982621173469388
CNN,ISIC_0024716,0,1,0.5564890503883362,0.021169625222682953,0.37851259112358093,0.05404974489795918
CNN,ISIC_0032360,0,0,0.40954822301864624,0.8059635162353516,7.824865341186523,0.3467594068877551
CNN,ISIC_0026573,0,1,0.5711696147918701,0.2001669555902481,3.768008232116699,0.06228077168367347
CNN,ISIC_0026540,0,0,0.3117816150188446,0.0009348310413770378,0.00653683440759778,0.12521922831632654
CNN,ISIC_0030246,1,1,0.7551793456077576,0.8267419934272766,9.114511489868164,0.3436304209183674
CNN,ISIC_0032586,1,1,0.7020344734191895,0.9570620059967041,21.399490356445312,0.5101841517857143
CNN,ISIC_0028846,0,1,0.583308756351471,0.26876935362815857,3.0951855182647705,0.10614636479591837
CNN,ISIC_0029476,0,1,0.5162951350212097,0.4693450331687927,12.222108840942383,0.06748246173469388
CNN,ISIC_0033251,0,0,0.3854038715362549,0.00022517103934660554,0.009864713065326214,0.022321428571428572
CNN,ISIC_0032165,0,1,0.7230625748634338,0.7790437936782837,9.626375198364258,0.2680763711734694
CNN,ISIC_0033287,1,0,0.46020403504371643,0.06995889544487,1.235300898551941,0.05739795918367347
CNN,ISIC_0031217,0,0,0.2983742356300354,0.00022136497136671096,0.005974720232188702,0.03573421556122449
CNN,ISIC_0032672,1,1,0.8526787161827087,0.9085597991943359,19.4892520904541,0.33767139668367346
CNN,ISIC_0031999,1,1,0.6614475846290588,0.827917754650116,16.742876052856445,0.22321428571428573
CNN,ISIC_0033752,1,0,0.4905611574649811,0.525970458984375,1.4296015501022339,0.43698182397959184
CNN,ISIC_0027254,0,0,0.4585118591785431,0.9914959669113159,51.44724655151367,0.6938376913265306
CNN,ISIC_0026607,0,1,0.5870582461357117,0.41503968834877014,3.921776533126831,0.15320073341836735
CNN,ISIC_0024843,0,0,0.47959664463996887,0.12055937200784683,0.1686495691537857,0.44838169642857145
CNN,ISIC_0030808,0,0,8.49598169594401e-11,0.6757664680480957,2.188598394393921,0.4877830038265306
CNN,ISIC_0032787,0,0,0.2214442640542984,0.8199055790901184,18.953577041625977,0.19367825255102042
CNN,ISIC_0024785,0,0,0.2760762870311737,0.0009713153704069555,0.010315130464732647,0.08613679846938775
CNN,ISIC_0031541,0,0,0.4190121293067932,0.001380510744638741,0.035810213536024094,0.03716916454081633
CNN,ISIC_0030276,0,1,0.7309731841087341,0.9458975791931152,6.224727153778076,0.7374441964285714
CNN,ISIC_0028452,0,0,0.07807813584804535,,,0.4121691645408163
CNN,ISIC_0033001,0,1,0.5914628505706787,0.8659988045692444,5.597347259521484,0.5358737244897959
CNN,ISIC_0027662,0,0,0.32899779081344604,0.00959418062120676,0.009228701703250408,0.5121173469387755
CNN,ISIC_0025894,0,0,0.3694814443588257,0.0003729890158865601,0.00593697652220726,0.05913185586734694
CNN,ISIC_0031555,0,0,0.4410366714000702,0.0004494274326134473,0.054309140890836716,0.00821109693877551
CNN,ISIC_0028944,0,1,0.7414045333862305,0.947628378868103,18.83770751953125,0.4899354272959184
CNN,ISIC_0030226,0,0,0.476568341255188,0.24432425200939178,0.7978177666664124,0.2883848852040816
CNN,ISIC_0030115,0,0,0.4707358181476593,0.6146978139877319,3.3862178325653076,0.3202527104591837
CNN,ISIC_0028156,1,0,0.3446330726146698,0.8408719301223755,14.977288246154785,0.2608019770408163
CNN,ISIC_0029033,1,1,0.7772490978240967,0.8615492582321167,13.046183586120605,0.3229432397959184
CNN,ISIC_0024986,0,0,0.4104264974594116,0.0007580220699310303,0.010913701727986336,0.06499123086734694
CNN,ISIC_0032447,1,1,0.9043195843696594,0.7051112651824951,7.474552631378174,0.24236686862244897
CNN,ISIC_0028762,0,0,0.26128479838371277,0.0007474931771866977,0.007167231757193804,0.09450733418367346
CNN,ISIC_0029934,0,0,0.3332357704639435,0.00044735005940310657,0.0032044711988419294,0.12254862882653061
CNN,ISIC_0030302,0,0,0.33165180683135986,0.007724107708781958,0.05537581071257591,0.12324617346938775
CNN,ISIC_0027928,0,0,0.23198556900024414,0.0,0.0,0.10566804846938775
CNN,ISIC_0031951,0,1,0.5149418115615845,0.43467211723327637,1.0401540994644165,0.42502391581632654
CNN,ISIC_0027036,0,0,0.4915907680988312,0.06988475471735,0.28518205881118774,0.20852598852040816
CNN,ISIC_0026482,0,0,0.4543308615684509,0.21858632564544678,0.7500426173210144,0.2716438137755102
CNN,ISIC_0025217,0,0,0.323756605386734,0.02522568590939045,0.056329745799303055,0.31479193239795916
CNN,ISIC_0032045,0,1,0.592521607875824,0.7857373356819153,1.6491711139678955,0.6897919323979592
CNN,ISIC_0033633,0,1,0.8322109580039978,0.8652817606925964,11.671281814575195,0.3549705038265306
CNN,ISIC_0032875,1,1,0.724679708480835,0.814638078212738,15.642956733703613,0.2193279655612245
CNN,ISIC_0026808,0,0,0.3719329237937927,0.3891846239566803,0.5838162302970886,0.521843112244898
CNN,ISIC_0025951,0,0,0.28957176208496094,5.022555706091225e-05,0.0005445900023914874,0.08444276147959184
CNN,ISIC_0027109,0,1,0.5695205330848694,0.4021512269973755,7.706575393676758,0.08027742346938775
CNN,ISIC_0032620,0,1,0.5183748006820679,0.9065936207771301,11.049447059631348,0.46763392857142855
CNN,ISIC_0024856,0,0,0.06586557626724243,,,0.09536431760204081
CNN,ISIC_0028177,0,0,0.352944552898407,0.004332947079092264,0.025903994217514992,0.14383370535714285
CNN,ISIC_0029527,0,1,0.6165843605995178,0.7877309918403625,3.851778745651245,0.49069276147959184
CNN,ISIC_0027645,0,0,0.47512996196746826,0.0009249279974028468,0.0759817510843277,0.012037627551020409
CNN,ISIC_0029806,0,0,0.38066548109054565,0.6928917765617371,3.3505821228027344,0.4024035395408163
CNN,ISIC_0029511,0,0,0.4219950735569,0.15541373193264008,0.2997951805591583,0.38034119897959184
CNN,ISIC_0030943,0,0,0.31612133979797363,0.0,0.0,0.20549665178571427
CNN,ISIC_0033170,0,0,0.4604012668132782,0.07748760282993317,0.6206679344177246,0.11920041454081633
CNN,ISIC_0033590,0,0,0.3872802257537842,0.0006567771779373288,0.01044212095439434,0.05921157525510204
CNN,ISIC_0025236,0,0,0.2177785485982895,0.0,0.0,0.0839046556122449
CNN,ISIC_0031805,0,0,0.30607008934020996,0.02578575350344181,0.13277289271354675,0.16621492346938777
CNN,ISIC_0030666,0,0,0.45804089307785034,0.0027098224963992834,0.09349840134382248,0.0282405931122449
CNN,ISIC_0033831,1,1,0.8869814276695251,0.8501356840133667,13.568403244018555,0.29482222576530615
CNN,ISIC_0034171,0,0,0.36278796195983887,0.018504107370972633,0.10517565906047821,0.1520049426020408
CNN,ISIC_0031957,1,1,0.6059075593948364,0.7482224702835083,13.018697738647461,0.18584582270408162
CNN,ISIC_0024327,0,0,0.34506943821907043,0.040223341435194016,0.10795048624277115,0.27965561224489793
CNN,ISIC_0032211,0,0,0.23488636314868927,0.40323370695114136,0.8097479939460754,0.45487882653061223
CNN,ISIC_0026092,0,0,0.44345006346702576,0.5551885962486267,10.860687255859375,0.10307716836734694
CNN,ISIC_0032590,0,1,0.5907659530639648,0.17434518039226532,4.954690456390381,0.04087611607142857
CNN,ISIC_0029203,0,1,0.5723696947097778,0.8463212847709656,3.5580503940582275,0.6075015943877551
CNN,ISIC_0032863,0,1,0.5895472764968872,0.1555214822292328,1.963304042816162,0.08575813137755102
CNN,ISIC_0031560,0,1,0.5875771641731262,0.6678858995437622,10.47408676147461,0.1610730229591837
CNN,ISIC_0029928,0,0,0.3186062276363373,0.13643059134483337,0.2778300642967224,0.36250398596938777
CNN,ISIC_0028119,0,0,0.24333028495311737,0.009191024117171764,0.03147730976343155,0.2276187818877551
CNN,ISIC_0031896,0,1,0.5693093538284302,0.32620909810066223,7.898264408111572,0.05775669642857143
CNN,ISIC_0029525,0,1,0.6877614259719849,0.8101891875267029,5.092644214630127,0.4559749681122449
CNN,ISIC_0026455,0,1,0.5701109170913696,0.9986040592193604,28.909427642822266,0.9611567283163265
CNN,ISIC_0032645,1,0,0.3787528872489929,0.5192486643791199,6.590688228607178,0.14080436862244897
CNN,ISIC_0025843,0,0,0.4457762539386749,0.39533206820487976,2.231684923171997,0.22658242984693877
CNN,ISIC_0032663,0,1,0.7093259692192078,0.8080193996429443,23.08997344970703,0.15417729591836735
CNN,ISIC_0025296,0,0,0.3175017237663269,0.0310902688652277,0.08733370155096054,0.26869419642857145
CNN,ISIC_0034197,0,1,0.6138631105422974,0.7936819195747375,3.978196859359741,0.49160953443877553
CNN,ISIC_0024492,0,0,0.30211877822875977,0.0,0.0,0.07403938137755102
CNN,ISIC_0030136,0,0,0.4567485451698303,0.33641645312309265,1.5672062635421753,0.24441964285714285
CNN,ISIC_0027373,0,0,0.21101100742816925,0.0006801715935580432,0.006371093913912773,0.09652024872448979
CNN,ISIC_0028661,0,0,0.12273169308900833,0.0,0.0,0.2072704081632653
CNN,ISIC_0034242,1,1,0.7282111048698425,0.8997238278388977,19.17397117614746,0.3187779017857143
CNN,ISIC_0026173,0,0,0.30499109625816345,0.5037633180618286,0.24145132303237915,0.8078563456632653
CNN,ISIC_0032206,0,1,0.5523769855499268,0.6465133428573608,13.018145561218262,0.12318638392857142
CNN,ISIC_0029188,0,0,0.4470241963863373,0.1567762941122055,1.104032039642334,0.1441326530612245
CNN,ISIC_0030716,0,0,0.3338389992713928,0.04476203769445419,0.30585959553718567,0.13285235969387754
CNN,ISIC_0027800,0,0,0.4659203886985779,0.019499368965625763,0.12288833409547806,0.13928970025510204
CNN,ISIC_0024924,0,1,0.7498726844787598,0.7046166062355042,11.335926055908203,0.17384805484693877
CNN,ISIC_0032309,0,0,0.3627800941467285,0.026854965835809708,0.37574198842048645,0.06841916454081633
CNN,ISIC_0029774,0,0,0.22099870443344116,0.0,0.0,0.4368223852040816
CNN,ISIC_0029394,0,0,0.3937748670578003,0.7746767997741699,3.226095676422119,0.5159040178571429
CNN,ISIC_0025491,0,1,0.5426717400550842,0.9397907257080078,4.6799516677856445,0.7693319515306123
CNN,ISIC_0033883,1,1,0.683110237121582,0.2903114855289459,3.9974234104156494,0.09283322704081633
CNN,ISIC_0031829,0,1,0.5284737348556519,0.3820870816707611,11.402718544006348,0.051438934948979595
CNN,ISIC_0030438,0,0,0.1131441593170166,0.0,0.0,0.1419403698979592
CNN,ISIC_0029927,0,0,0.4489835798740387,0.10122241824865341,2.7808432579040527,0.03892299107142857
CNN,ISIC_0033178,1,1,0.6527808904647827,0.898819625377655,16.65995216369629,0.3477758290816326
CNN,ISIC_0026110,0,0,0.22952452301979065,0.0,0.0,0.08500079719387756
CNN,ISIC_0026198,0,0,0.4211178123950958,0.1354447603225708,0.44284602999687195,0.26132015306122447
CNN,ISIC_0027110,0,0,0.4438454806804657,0.3953477740287781,1.5271989107131958,0.29978475765306123
CNN,ISIC_0028818,0,0,0.4173130393028259,0.04934495687484741,0.15690067410469055,0.24858498086734693
CNN,ISIC_0032284,0,0,0.4511158764362335,0.6918377876281738,4.131460189819336,0.35208067602040816
CNN,ISIC_0028166,0,1,0.8546890616416931,0.2969423830509186,0.6142419576644897,0.40744579081632654
CNN,ISIC_0028840,0,0,0.2411283254623413,0.6262539625167847,2.188509702682495,0.43363360969387754
CNN,ISIC_0027947,0,0,0.3873392343521118,0.05388904735445976,0.0918387621641159,0.38279257015306123
CNN,ISIC_0026580,0,0,0.47273096442222595,0.028130121529102325,0.1261839121580124,0.1865832270408163
CNN,ISIC_0024569,0,0,0.11432385444641113,0.0,0.0,0.14939413265306123
CNN,ISIC_0033775,0,1,0.5136001706123352,0.38697272539138794,6.339161396026611,0.09056122448979592
CNN,ISIC_0026352,1,1,0.5690299868583679,0.9104535579681396,24.08755111694336,0.2968152104591837
CNN,ISIC_0033269,1,1,0.582385241985321,0.9399237036705017,11.028952598571777,0.5865353954081632
CNN,ISIC_0029022,0,1,0.5006902813911438,0.03157227113842964,0.34474948048591614,0.08639588647959184
CNN,ISIC_0025146,0,0,0.28797438740730286,6.150799869431012e-09,1.057906331425329e-07,0.05494658801020408
CNN,ISIC_0029448,0,1,0.5089024901390076,0.4698302447795868,4.3284687995910645,0.16994180484693877
CNN,ISIC_0027107,0,1,0.5140573382377625,0.6826105713844299,5.12208890914917,0.295719068877551
CNN,ISIC_0033294,0,1,0.951073408126831,0.9609392285346985,30.194766998291016,0.4489596619897959
CNN,ISIC_0025790,0,0,0.4271610677242279,0.7644051313400269,3.1520214080810547,0.5072345344387755
CNN,ISIC_0029941,0,1,0.5220513939857483,0.8760090470314026,4.758216857910156,0.5975566007653061
CNN,ISIC_0032709,1,1,0.846061646938324,0.9391260743141174,33.272491455078125,0.31678491709183676
CNN,ISIC_0031798,0,0,0.3405405282974243,7.351164822466671e-05,0.000450235849712044,0.14036591198979592
CNN,ISIC_0029327,0,0,0.2824404835700989,0.011716275475919247,0.062213458120822906,0.16005660076530612
CNN,ISIC_0032073,0,0,0.23882608115673065,0.004520069342106581,0.027172770351171494,0.14317602040816327
CNN,ISIC_0030014,1,1,0.6566036343574524,0.06336446106433868,1.648457646369934,0.03942123724489796
CNN,ISIC_0032273,0,1,0.6099696755409241,0.9207996726036072,7.007815361022949,0.6239237882653061
CNN,ISIC_0032896,0,0,0.4853532314300537,0.47870534658432007,3.6953635215759277,0.19903938137755103
CNN,ISIC_0028270,0,0,0.3350068926811218,0.10178107768297195,0.14349055290222168,0.4412468112244898
CNN,ISIC_0031272,0,1,0.5947155356407166,0.8762065768241882,9.73996639251709,0.42085857780612246
CNN,ISIC_0026166,0,0,0.43684861063957214,0.9305234551429749,17.374221801757812,0.4353077168367347
CNN,ISIC_0031187,0,0,0.0,,,0.08248963647959184
CNN,ISIC_0028528,0,1,0.7422486543655396,0.9096313118934631,15.694727897644043,0.3907445790816326
CNN,ISIC_0026150,1,1,0.63770592212677,0.46407023072242737,11.07696533203125,0.07250478316326531
CNN,ISIC_0033052,0,1,0.6821588277816772,0.7134302854537964,8.857145309448242,0.21940768494897958
CNN,ISIC_0025459,0,0,0.3652218282222748,0.02246321737766266,0.13575060665607452,0.1447704081632653
CNN,ISIC_0027454,0,1,0.5579378604888916,0.4474913477897644,1.7205135822296143,0.3200733418367347
CNN,ISIC_0030499,0,0,0.24922972917556763,0.030794894322752953,0.07728805392980576,0.2913345025510204
CNN,ISIC_0031833,0,0,0.4082380533218384,0.01707528345286846,0.043719563633203506,0.284359056122449
CNN,ISIC_0033749,0,0,0.49523016810417175,0.5590912699699402,5.624528408050537,0.18397241709183673
CNN,ISIC_0027139,0,0,0.2834571301937103,0.004320594947785139,0.0065108537673950195,0.39993223852040816
CNN,ISIC_0032747,0,0,0.4102700352668762,5.714973303838633e-05,0.00034857835271395743,0.1408641581632653
CNN,ISIC_0029088,0,0,0.3767721652984619,0.734346866607666,1.2201193571090698,0.6937779017857143
CNN,ISIC_0030817,0,1,0.570736825466156,0.8749631643295288,10.341300964355469,0.4035794005102041
CNN,ISIC_0025355,0,1,0.6914465427398682,0.8473439812660217,9.323850631713867,0.3731664540816326
CNN,ISIC_0030608,0,1,0.6020509004592896,0.4336164891719818,3.8042612075805664,0.16753029336734693
CNN,ISIC_0029834,0,0,0.30949199199676514,7.114114453088405e-08,9.18758530588093e-07,0.07186702806122448
CNN,ISIC_0027935,0,0,0.35579347610473633,0.01082487590610981,0.052690085023641586,0.17197464923469388
CNN,ISIC_0028121,0,1,0.7861146926879883,0.9723066687583923,5.477894306182861,0.8650350765306123
CNN,ISIC_0026735,1,1,0.6342864036560059,0.9873616099357605,15.410782814025879,0.8352399553571429
CNN,ISIC_0033794,0,0,0.3036828935146332,0.8318300843238831,11.591842651367188,0.2990872130102041
CNN,ISIC_0025035,1,1,0.6829562783241272,0.6060035228729248,11.827921867370605,0.11507493622448979
CNN,ISIC_0030687,0,0,0.30852773785591125,0.6314602494239807,12.099589347839355,0.12404336734693877
CNN,ISIC_0026287,0,0,0.20097514986991882,0.019859781488776207,0.04046022519469261,0.3336854272959184
CNN,ISIC_0025045,0,1,0.5522477030754089,0.7252460718154907,11.197152137756348,0.1907684948979592
CNN,ISIC_0027755,0,0,0.31594741344451904,0.049061231315135956,0.14325188100337982,0.26478794642857145
CNN,ISIC_0026388,0,1,0.5177774429321289,0.7602561116218567,3.8624799251556396,0.4508529974489796
CNN,ISIC_0027083,0,0,0.48583292961120605,0.14034126698970795,0.902912974357605,0.15312101403061223
CNN,ISIC_0032163,0,0,0.24946744740009308,0.008762923069298267,0.10049543529748917,0.08085538903061225
CNN,ISIC_0031183,0,0,0.12092766910791397,0.022500379011034966,0.07896546274423599,0.22570551658163265
CNN,ISIC_0033970,0,1,0.509632408618927,0.23697234690189362,3.570647954940796,0.08001833545918367
CNN,ISIC_0027833,0,0,0.4622718095779419,0.2948140799999237,1.1907130479812622,0.25986527423469385
CNN,ISIC_0026836,0,0,0.4041614234447479,0.05681510642170906,0.5211198329925537,0.10361527423469388
CNN,ISIC_0033183,1,1,0.6292028427124023,0.7975022792816162,5.918490409851074,0.39955357142857145
CNN,ISIC_0029725,0,1,0.5867911577224731,0.018297161906957626,0.5043985247612,0.035634566326530615
CNN,ISIC_0032749,0,1,0.6484185457229614,0.8485202789306641,11.461541175842285,0.3282844387755102
CNN,ISIC_0028471,0,0,0.3151792883872986,0.004889740142971277,0.03206736594438553,0.1328722895408163
CNN,ISIC_0025909,0,1,0.829642653465271,0.7624248266220093,14.371824264526367,0.1825374681122449
CNN,ISIC_0033982,0,0,0.3668197691440582,0.017198503017425537,0.24014528095722198,0.06792091836734694
CNN,ISIC_0034118,1,1,0.6897759437561035,0.48335978388786316,7.173556804656982,0.11537388392857142
CNN,ISIC_0033709,0,1,0.7943882346153259,0.8047378063201904,7.380503177642822,0.3583187181122449
CNN,ISIC_0030867,0,0,0.017714720219373703,0.052133239805698395,0.134944349527359,0.2895607461734694
CNN,ISIC_0029966,0,0,0.35166049003601074,0.09124869853258133,0.8525351285934448,0.10536910076530612
CNN,ISIC_0025604,0,1,0.518082857131958,0.895559549331665,3.113271951675415,0.7336375956632653
CNN,ISIC_0030699,0,0,0.2531333565711975,,,0.6816804846938775
CNN,ISIC_0032130,0,0,0.11593005061149597,0.0,0.0,0.15495455994897958
CNN,ISIC_0032399,0,0,0.34238287806510925,0.022347714751958847,0.050574492663145065,0.3112842793367347
CNN,ISIC_0026616,0,0,0.08837122470140457,,,0.1691047512755102
CNN,ISIC_0027733,0,0,0.3888273537158966,0.13700295984745026,0.3932235836982727,0.2876076211734694
CNN,ISIC_0030797,0,0,0.4020068347454071,0.5867687463760376,2.1606853008270264,0.3965640943877551
CNN,ISIC_0029001,0,0,0.3271888196468353,0.1913996934890747,0.8858760595321655,0.2108577806122449
CNN,ISIC_0031174,0,0,0.34264642000198364,0.5854485034942627,0.6806992292404175,0.6747648278061225
CNN,ISIC_0027275,0,0,0.3157093822956085,0.0004982013488188386,0.0025801092851907015,0.16191007653061223
CNN,ISIC_0032578,0,0,0.40009117126464844,0.004607176408171654,0.05037852004170418,0.08414381377551021
CNN,ISIC_0029441,0,0,0.3172970712184906,0.003770012641325593,0.033965226262807846,0.10024713010204081
CNN,ISIC_0028870,0,0,0.4441801905632019,0.41884467005729675,8.655065536499023,0.07686941964285714
CNN,ISIC_0032992,0,0,0.16171769797801971,0.8755403161048889,14.484180450439453,0.3269092793367347
CNN,ISIC_0026127,0,0,0.14949944615364075,0.0,0.0,0.4243662308673469
CNN,ISIC_0031367,0,0,0.32278770208358765,0.010206671431660652,0.03930554911494255,0.20782844387755103
CNN,ISIC_0025125,0,0,0.31742194294929504,0.08563676476478577,0.14340810477733612,0.3950693558673469
CNN,ISIC_0032504,1,1,0.6731714010238647,0.8695982098579407,7.5734968185424805,0.46823182397959184
CNN,ISIC_0033724,0,0,0.3549647331237793,0.0,0.0,0.012914540816326531
CNN,ISIC_0027340,0,1,0.5975415706634521,0.5775616765022278,6.886051654815674,0.16565688775510204
CNN,ISIC_0030898,1,1,0.6098731756210327,0.24882706999778748,4.378544330596924,0.07033242984693877
CNN,ISIC_0028850,0,0,0.26669934391975403,0.024732863530516624,0.1191071942448616,0.1755420918367347
CNN,ISIC_0025546,1,1,0.5161129236221313,0.6983349919319153,8.124013900756836,0.2217594068877551
CNN,ISIC_0030214,0,0,0.325041264295578,0.001047987025231123,0.009062124416232109,0.10375478316326531
CNN,ISIC_0031819,0,1,0.6464590430259705,0.9427238702774048,21.947477340698242,0.4285514987244898
CNN,ISIC_0027173,0,0,0.3206672966480255,0.002024717628955841,0.008139822632074356,0.19951769770408162
CNN,ISIC_0033888,0,1,0.5644112825393677,0.5015190243721008,3.1993210315704346,0.23923788265306123
CNN,ISIC_0026250,0,0,0.3275880813598633,0.00021905926405452192,0.0009900793666020036,0.18120216836734693
CNN,ISIC_0032353,0,0,0.32918423414230347,0.013876890763640404,0.06410378217697144,0.18000637755102042
CNN,ISIC_0032995,0,0,0.11364033818244934,0.1397179812192917,0.18122969567775726,0.47261639030612246
CNN,ISIC_0032965,1,1,0.7647872567176819,0.902792751789093,12.503653526306152,0.4261997767857143
CNN,ISIC_0029410,0,0,0.2507668733596802,0.0,0.0,0.08597735969387756
CNN,ISIC_0030052,0,0,0.14449724555015564,0.0008359551429748535,0.0030867080204188824,0.21324936224489796
CNN,ISIC_0028521,0,0,0.23597459495067596,0.00586702860891819,0.047685276716947556,0.11013233418367346
CNN,ISIC_0031517,1,1,0.9563124179840088,0.5329874157905579,5.446896553039551,0.17323022959183673
CNN,ISIC_0032030,0,1,0.6789215207099915,0.88327956199646,9.822300910949707,0.43516820790816324
CNN,ISIC_0030753,0,0,0.23503032326698303,0.6476024985313416,0.8245161175727844,0.6902901785714286
CNN,ISIC_0031995,0,0,0.14818476140499115,,,0.5335419323979592
CNN,ISIC_0031340,0,0,0.42130979895591736,0.0700736865401268,0.40642014145851135,0.1564094387755102
CNN,ISIC_0034145,1,1,0.8037922978401184,0.9357030391693115,20.440345764160156,0.41587611607142855
CNN,ISIC_0026660,0,0,0.37868261337280273,0.00024266551190521568,0.021199071779847145,0.01132015306122449
CNN,ISIC_0032927,1,0,0.21274982392787933,,,0.18674266581632654
CNN,ISIC_0027530,0,0,0.2524980306625366,0.0,0.0,0.03246572066326531
CNN,ISIC_0033864,0,1,0.6267607808113098,0.6303931474685669,7.164555072784424,0.19228316326530612
CNN,ISIC_0029564,0,1,0.5244840383529663,1.3762247363047209e-05,0.0005531866918317974,0.024274553571428572
CNN,ISIC_0024679,1,1,0.676806628704071,0.8134781718254089,8.206624984741211,0.34701849489795916
CNN,ISIC_0028016,0,0,0.19331003725528717,0.1860329806804657,1.713822841644287,0.11766581632653061
CNN,ISIC_0025133,0,1,0.5874744653701782,0.8718083500862122,5.092739582061768,0.5718072385204082
CNN,ISIC_0029624,0,0,0.30495157837867737,0.06838823109865189,0.17167402803897858,0.29952566964285715
CNN,ISIC_0026055,0,1,0.6252639889717102,0.08051160722970963,1.9112904071807861,0.04380580357142857
CNN,ISIC_0028150,0,0,0.49148890376091003,0.4856966435909271,3.22611141204834,0.22644292091836735
CNN,ISIC_0025820,0,0,0.43485715985298157,0.4691673815250397,2.3144359588623047,0.27634725765306123
CNN,ISIC_0024585,0,0,0.3067818880081177,0.019210614264011383,0.06715554744005203,0.22580516581632654
CNN,ISIC_0033591,0,1,0.534498929977417,0.3288424611091614,7.793187618255615,0.05915178571428571
CNN,ISIC_0026407,0,0,0.4185372292995453,0.26644423604011536,0.47030431032180786,0.43576610331632654
CNN,ISIC_0031115,0,0,0.256740540266037,0.8501985669136047,2.886298418045044,0.6628866390306123
CNN,ISIC_0030930,0,0,0.39039644598960876,0.003091453807428479,0.027408339083194733,0.1016422193877551
CNN,ISIC_0030084,0,0,0.28906863927841187,8.3190891018603e-05,0.000527828698977828,0.13616071428571427
CNN,ISIC_0028638,0,0,0.2776941657066345,0.10171825438737869,0.3439003527164459,0.2477080676020408
CNN,ISIC_0034133,0,1,0.7144349813461304,0.7924450635910034,8.540687561035156,0.30893255739795916
CNN,ISIC_0025370,0,1,0.5894116163253784,0.10398856550455093,1.3732739686965942,0.07792570153061225
CNN,ISIC_0025156,0,0,0.47025299072265625,0.24378524720668793,8.425878524780273,0.03685028698979592
CNN,ISIC_0034030,0,1,0.5393310785293579,0.37722325325012207,10.454039573669434,0.054767219387755105
CNN,ISIC_0028230,0,0,0.2661930024623871,0.02921026572585106,0.1575045883655548,0.1603954081632653
CNN,ISIC_0031570,0,1,0.6190405488014221,0.7482532262802124,7.379347801208496,0.28712930484693877
CNN,ISIC_0033369,1,1,0.7710209488868713,0.6422356963157654,13.254612922668457,0.11928013392857142
CNN,ISIC_0029174,0,0,0.4646398425102234,0.4996502697467804,7.829067230224609,0.11312181122448979
CNN,ISIC_0031921,0,0,0.31434670090675354,0.008137820288538933,0.06228743866086006,0.11639030612244898
CNN,ISIC_0029368,0,0,0.4513075649738312,0.0006675170734524727,0.010274155996739864,0.061045121173469385
CNN,ISIC_0026144,0,0,0.199008047580719,0.0,0.0,0.12707270408163265
CNN,ISIC_0029336,0,0,0.3903084099292755,0.026437893509864807,0.05398339778184891,0.33468191964285715
CNN,ISIC_0031189,1,1,0.5826994180679321,0.5642930865287781,3.091242551803589,0.29526068239795916
CNN,ISIC_0032555,0,0,0.45823609828948975,0.25808215141296387,1.9069061279296875,0.15427694515306123
CNN,ISIC_0025557,0,1,0.6823768019676208,0.16410396993160248,2.019289493560791,0.08860809948979592
CNN,ISIC_0031299,0,0,0.40078994631767273,0.0,0.0,0.03150908801020408
CNN,ISIC_0024773,0,0,0.4251382052898407,0.6076830625534058,1.7159265279769897,0.474430006377551
CNN,ISIC_0027424,0,0,0.322348952293396,0.03653282672166824,0.09573682397603989,0.2837013711734694
CNN,ISIC_0032112,0,0,0.3747265934944153,9.44848288781941e-05,0.0007702370057813823,0.10927535076530612
CNN,ISIC_0028677,0,0,0.16217687726020813,0.03748345375061035,0.07262545078992844,0.3490513392857143
CNN,ISIC_0024418,0,0,0.260677307844162,0.0006933307158760726,0.011322998441755772,0.057736766581632654
CNN,ISIC_0032884,0,0,0.3620964288711548,0.29658761620521545,2.0174028873443604,0.17287149234693877
CNN,ISIC_0026911,0,1,0.5076618790626526,0.0023813003208488226,0.09381327778100967,0.02481265943877551
CNN,ISIC_0032966,0,0,0.4362041652202606,0.0030042296275496483,0.06350429356098175,0.04530054209183673
CNN,ISIC_0034058,0,0,0.4126822352409363,0.5755282044410706,3.3395612239837646,0.2887635522959184
CNN,ISIC_0030563,0,0,0.27985522150993347,0.0008344668312929571,0.0026146736927330494,0.24208785076530612
CNN,ISIC_0032316,0,0,0.458825945854187,0.03377924859523773,0.5756078362464905,0.05725845025510204
Attention-CNN,ISIC_0025542,0,0,0.38761600852012634,0.0,0.0,0.06686463647959184
Attention-CNN,ISIC_0030365,0,0,0.4767763316631317,0.5835580825805664,1.6543933153152466,0.45858577806122447
Attention-CNN,ISIC_0029214,0,0,0.3506060540676117,0.008267908357083797,0.03422616049647331,0.19587053571428573
Attention-CNN,ISIC_0024794,0,0,0.3233804702758789,0.9996282458305359,4690.6484375,0.3643176020408163
Attention-CNN,ISIC_0033830,0,0,0.493690550327301,0.3049287497997284,2.481086492538452,0.15025111607142858
Attention-CNN,ISIC_0032392,0,0,0.10006765276193619,0.0,0.0,0.5447026466836735
Attention-CNN,ISIC_0032748,0,0,0.3505104184150696,0.22236478328704834,0.5806216597557068,0.32997847576530615
Attention-CNN,ISIC_0032277,0,1,0.5166654586791992,0.5395787358283997,1.5148372650146484,0.43618463010204084
Attention-CNN,ISIC_0026014,0,0,0.4872313141822815,0.6158968210220337,1.028896689414978,0.6091358418367347
Attention-CNN,ISIC_0033221,0,0,0.42828214168548584,0.23036129772663116,1.3155521154403687,0.18534757653061223
Attention-CNN,ISIC_0025427,0,0,0.3958224952220917,0.4726179540157318,0.7896528244018555,0.5315888073979592
Attention-CNN,ISIC_0024807,0,0,0.15517602860927582,,,0.5704918686224489
Attention-CNN,ISIC_0025250,0,0,0.41557958722114563,0.0,0.0,0.034299266581632654
Attention-CNN,ISIC_0029041,0,1,0.509022057056427,0.41706812381744385,1.5179065465927124,0.32035235969387754
Attention-CNN,ISIC_0027124,0,0,0.38556110858917236,0.07932920753955841,0.2592923641204834,0.2494220344387755
Attention-CNN,ISIC_0027357,0,0,0.233756884932518,,,0.1551937181122449
Attention-CNN,ISIC_0033840,0,0,0.12228839844465256,0.0,0.0,0.04940609056122449
Attention-CNN,ISIC_0034168,0,1,0.7835369110107422,0.5142740607261658,3.7764904499053955,0.21896922831632654
Attention-CNN,ISIC_0027068,0,0,0.11666341871023178,,,0.12125318877551021
Attention-CNN,ISIC_0033416,1,1,0.7648383378982544,0.5713745951652527,4.123081207275391,0.24431999362244897
Attention-CNN,ISIC_0027601,0,0,0.291759729385376,0.07300466299057007,0.24621011316776276,0.2423469387755102
Attention-CNN,ISIC_0031401,1,1,0.5323185324668884,0.8495303988456726,6.774090766906738,0.4545798788265306
Attention-CNN,ISIC_0028992,0,1,0.5353973507881165,0.7959008812904358,1.984913945198059,0.6626873405612245
Attention-CNN,ISIC_0024985,0,0,0.20053322613239288,9.765453432919458e-05,0.00040125593659467995,0.19575095663265307
Attention-CNN,ISIC_0027650,0,0,0.4581782817840576,0.3227536380290985,0.4546312391757965,0.5117785395408163
Attention-CNN,ISIC_0029249,0,1,0.5533115267753601,0.2438860982656479,1.4080266952514648,0.18638392857142858
Attention-CNN,ISIC_0033210,0,0,0.40458154678344727,0.01121502835303545,0.045229118317365646,0.20049426020408162
Attention-CNN,ISIC_0032364,0,1,0.7136524319648743,0.7131048440933228,6.912128925323486,0.2644889987244898
Attention-CNN,ISIC_0033549,0,0,0.3056093454360962,0.2683977782726288,1.8066778182983398,0.1687858737244898
Attention-CNN,ISIC_0031044,0,1,0.5355583429336548,0.6439412832260132,2.13586163520813,0.4585060586734694
Attention-CNN,ISIC_0026620,0,0,0.287141352891922,0.0,0.0,0.35459183673469385
Attention-CNN,ISIC_0024323,1,0,0.4628323018550873,0.050407957285642624,0.10650474578142166,0.33262914540816324
Attention-CNN,ISIC_0033811,0,1,0.5372474789619446,0.15419559180736542,1.077666997909546,0.1446906887755102
Attention-CNN,ISIC_0031387,0,0,0.28927215933799744,0.9875569343566895,72.09716033935547,0.5239955357142857
Attention-CNN,ISIC_0029154,0,0,0.3829064965248108,0.4258687496185303,2.3748555183410645,0.23800223214285715
Attention-CNN,ISIC_0028284,0,0,0.11325531452894211,,,0.10152264030612244
Attention-CNN,ISIC_0034225,0,0,0.09319054335355759,,,0.115234375
Attention-CNN,ISIC_0029733,0,0,0.33457231521606445,0.1907365471124649,1.2957844734191895,0.1538982780612245
Attention-CNN,ISIC_0026806,0,0,0.1755691021680832,,,0.13087930484693877
Attention-CNN,ISIC_0027000,0,0,0.20055483281612396,0.014189003966748714,0.051082268357276917,0.21982621173469388
Attention-CNN,ISIC_0024716,0,1,0.5316572189331055,0.08323249220848083,1.5889428853988647,0.05404974489795918
Attention-CNN,ISIC_0032360,0,0,0.11968357861042023,0.0,0.0,0.3467594068877551
Attention-CNN,ISIC_0026573,0,0,0.40210413932800293,0.016423452645540237,0.2514057159423828,0.06228077168367347
Attention-CNN,ISIC_0026540,0,0,0.26213642954826355,0.0025377601850777864,0.017773883417248726,0.12521922831632654
Attention-CNN,ISIC_0030246,1,1,0.5784552097320557,0.5719466805458069,2.552198648452759,0.3436304209183674
Attention-CNN,ISIC_0032586,1,0,0.3487490117549896,0.6284703612327576,1.6240417957305908,0.5101841517857143
Attention-CNN,ISIC_0028846,0,1,0.6084687113761902,0.5168962478637695,9.00998592376709,0.10614636479591837
Attention-CNN,ISIC_0029476,0,0,0.399926096200943,6.51925802230835e-05,0.0009009331115521491,0.06748246173469388
Attention-CNN,ISIC_0033251,0,0,0.3829096257686615,0.009815816767513752,0.43419480323791504,0.022321428571428572
Attention-CNN,ISIC_0032165,0,1,0.6640341877937317,0.5128725171089172,2.8745782375335693,0.2680763711734694
Attention-CNN,ISIC_0033287,1,0,0.4599606394767761,0.015605682507157326,0.2603428363800049,0.05739795918367347
Attention-CNN,ISIC_0031217,0,0,0.19589388370513916,0.0,0.0,0.03573421556122449
Attention-CNN,ISIC_0032672,1,1,0.7027245163917542,0.7494710683822632,5.867812633514404,0.33767139668367346
Attention-CNN,ISIC_0031999,1,0,0.19968421757221222,0.0,0.0,0.22321428571428573
Attention-CNN,ISIC_0033752,1,0,0.3791219890117645,0.04620647802948952,0.062417659908533096,0.43698182397959184
Attention-CNN,ISIC_0027254,0,0,0.36646193265914917,0.817763090133667,1.9800903797149658,0.6938376913265306
Attention-CNN,ISIC_0026607,0,1,0.5231974720954895,0.4978443384170532,5.479928493499756,0.15320073341836735
Attention-CNN,ISIC_0024843,0,0,0.45439043641090393,0.744759738445282,3.589696168899536,0.44838169642857145
Attention-CNN,ISIC_0030808,0,0,1.2153229811406874e-10,0.3775363266468048,0.6369011998176575,0.4877830038265306
Attention-CNN,ISIC_0032787,0,0,0.21975164115428925,,,0.19367825255102042
Attention-CNN,ISIC_0024785,0,0,0.09989280253648758,,,0.08613679846938775
Attention-CNN,ISIC_0031541,0,0,0.4263129234313965,0.002910449868068099,0.07561241835355759,0.03716916454081633
Attention-CNN,ISIC_0030276,0,1,0.5604665279388428,0.9345959424972534,5.087581634521484,0.7374441964285714
Attention-CNN,ISIC_0028452,0,0,0.18765515089035034,,,0.4121691645408163
Attention-CNN,ISIC_0033001,0,1,0.5709177255630493,0.7295243740081787,2.336066722869873,0.5358737244897959
Attention-CNN,ISIC_0027662,0,0,0.3213520348072052,0.0026773239951580763,0.0025574734900146723,0.5121173469387755
Attention-CNN,ISIC_0025894,0,0,0.3577171266078949,0.0,0.0,0.05913185586734694
Attention-CNN,ISIC_0031555,0,0,0.21804991364479065,0.0,0.0,0.00821109693877551
Attention-CNN,ISIC_0028944,0,1,0.7343440651893616,0.8087904453277588,4.40364933013916,0.4899354272959184
Attention-CNN,ISIC_0030226,0,0,0.47374001145362854,0.10091910511255264,0.2769792675971985,0.2883848852040816
Attention-CNN,ISIC_0030115,0,0,0.26151034235954285,0.017771480605006218,0.03840305656194687,0.3202527104591837
Attention-CNN,ISIC_0028156,1,0,0.27354860305786133,0.0,0.0,0.2608019770408163
Attention-CNN,ISIC_0029033,1,1,0.7143649458885193,0.7416370511054993,6.018106460571289,0.3229432397959184
Attention-CNN,ISIC_0024986,0,1,0.6035893559455872,0.3144437074661255,6.598735332489014,0.06499123086734694
Attention-CNN,ISIC_0032447,1,1,0.5515945553779602,0.6714344620704651,6.388034820556641,0.24236686862244897
Attention-CNN,ISIC_0028762,0,0,0.16316138207912445,,,0.09450733418367346
Attention-CNN,ISIC_0029934,0,0,0.11263640224933624,,,0.12254862882653061
Attention-CNN,ISIC_0030302,0,0,0.2866584062576294,0.0,0.0,0.12324617346938775
Attention-CNN,ISIC_0027928,0,0,0.4416366219520569,0.08585859090089798,0.7949237823486328,0.10566804846938775
Attention-CNN,ISIC_0031951,0,0,0.18310584127902985,0.44922903180122375,1.1034005880355835,0.42502391581632654
Attention-CNN,ISIC_0027036,0,0,0.46691784262657166,0.0692627876996994,0.28245505690574646,0.20852598852040816
Attention-CNN,ISIC_0026482,0,0,0.4904012084007263,0.8230147957801819,12.468510627746582,0.2716438137755102
Attention-CNN,ISIC_0025217,0,0,0.21802093088626862,0.1053837463259697,0.2564104497432709,0.31479193239795916
Attention-CNN,ISIC_0032045,0,1,0.7134789824485779,0.889865517616272,3.6335885524749756,0.6897919323979592
Attention-CNN,ISIC_0033633,0,1,0.6580411791801453,0.6555488705635071,3.458315372467041,0.3549705038265306
Attention-CNN,ISIC_0032875,1,1,0.6720829010009766,0.5803138017654419,4.9216742515563965,0.2193279655612245
Attention-CNN,ISIC_0026808,0,0,0.22256861627101898,,,0.521843112244898
Attention-CNN,ISIC_0025951,0,0,0.26476508378982544,0.0,0.0,0.08444276147959184
Attention-CNN,ISIC_0027109,0,0,0.4726588726043701,0.018629347905516624,0.21748435497283936,0.08027742346938775
Attention-CNN,ISIC_0032620,0,0,0.4650218188762665,0.6522588729858398,2.1353461742401123,0.46763392857142855
Attention-CNN,ISIC_0024856,0,0,0.2627785801887512,,,0.09536431760204081
Attention-CNN,ISIC_0028177,0,0,0.12308994680643082,,,0.14383370535714285
Attention-CNN,ISIC_0029527,0,1,0.5834301114082336,0.695078432559967,2.3660061359405518,0.49069276147959184
Attention-CNN,ISIC_0027645,0,0,0.45961132645606995,0.0001856982707977295,0.015243617817759514,0.012037627551020409
Attention-CNN,ISIC_0029806,0,0,0.08940516412258148,0.7353357672691345,4.126072406768799,0.4024035395408163
Attention-CNN,ISIC_0029511,0,0,0.29620325565338135,,,0.38034119897959184
Attention-CNN,ISIC_0030943,0,0,0.291362464427948,0.0,0.0,0.20549665178571427
Attention-CNN,ISIC_0033170,0,1,0.6091644167900085,0.43774038553237915,5.752797603607178,0.11920041454081633
Attention-CNN,ISIC_0033590,0,1,0.7433568239212036,0.1314828097820282,2.405336856842041,0.05921157525510204
Attention-CNN,ISIC_0025236,0,0,0.1192307397723198,,,0.0839046556122449
Attention-CNN,ISIC_0031805,0,0,0.11281462013721466,,,0.16621492346938777
Attention-CNN,ISIC_0030666,0,0,0.3217898905277252,0.022256944328546524,0.7832956910133362,0.0282405931122449
Attention-CNN,ISIC_0033831,1,1,0.7197380661964417,0.6473448872566223,4.390600204467773,0.29482222576530615
Attention-CNN,ISIC_0034171,0,1,0.6256638169288635,0.4600261449813843,4.7527546882629395,0.1520049426020408
Attention-CNN,ISIC_0031957,1,1,0.5628694891929626,0.8094939589500427,18.614816665649414,0.18584582270408162
Attention-CNN,ISIC_0024327,0,0,0.44628414511680603,0.39174652099609375,1.658964991569519,0.27965561224489793
Attention-CNN,ISIC_0032211,0,0,0.13619276881217957,,,0.45487882653061223
Attention-CNN,ISIC_0026092,0,0,0.24017544090747833,0.0007425884250551462,0.0064664119854569435,0.10307716836734694
Attention-CNN,ISIC_0032590,0,0,0.2561853528022766,0.0,0.0,0.04087611607142857
Attention-CNN,ISIC_0029203,0,1,0.7969532608985901,0.8286985754966736,3.125546932220459,0.6075015943877551
Attention-CNN,ISIC_0032863,0,1,0.6225168704986572,0.1599408984184265,2.029716730117798,0.08575813137755102
Attention-CNN,ISIC_0031560,0,0,0.49877649545669556,0.5239419937133789,5.732242107391357,0.1610730229591837
Attention-CNN,ISIC_0029928,0,0,0.1640544980764389,,,0.36250398596938777
Attention-CNN,ISIC_0028119,0,0,0.16838818788528442,0.05030727759003639,0.17975099384784698,0.2276187818877551
Attention-CNN,ISIC_0031896,0,1,0.7449407577514648,0.3811250925064087,10.046745300292969,0.05775669642857143
Attention-CNN,ISIC_0029525,0,0,0.3880019187927246,0.058026768267154694,0.07349667698144913,0.4559749681122449
Attention-CNN,ISIC_0026455,0,1,0.5350497364997864,0.9956384897232056,9.2255277633667,0.9611567283163265
Attention-CNN,ISIC_0032645,1,1,0.5199666619300842,0.3735216557979584,3.6381924152374268,0.14080436862244897
Attention-CNN,ISIC_0025843,0,0,0.20182539522647858,,,0.22658242984693877
Attention-CNN,ISIC_0032663,0,1,0.6786118745803833,0.5717403292655945,7.324038028717041,0.15417729591836735
Attention-CNN,ISIC_0025296,0,0,0.2723817825317383,0.005058225244283676,0.013836977072060108,0.26869419642857145
Attention-CNN,ISIC_0034197,0,1,0.5205422639846802,0.690414547920227,2.30625057220459,0.49160953443877553
Attention-CNN,ISIC_0024492,0,0,0.30593106150627136,0.0,0.0,0.07403938137755102
Attention-CNN,ISIC_0030136,0,0,0.30853545665740967,9.5367431640625e-07,2.948119345091982e-06,0.24441964285714285
Attention-CNN,ISIC_0027373,0,0,0.13539814949035645,0.003941887989640236,0.03704414516687393,0.09652024872448979
Attention-CNN,ISIC_0028661,0,0,0.1547853648662567,0.0,0.0,0.2072704081632653
Attention-CNN,ISIC_0034242,1,1,0.7915975451469421,0.820919930934906,9.79611587524414,0.3187779017857143
Attention-CNN,ISIC_0026173,0,0,0.4078251123428345,0.7615947723388672,0.7598011493682861,0.8078563456632653
Attention-CNN,ISIC_0032206,0,1,0.5439570546150208,0.3073561191558838,3.1584675312042236,0.12318638392857142
Attention-CNN,ISIC_0029188,0,1,0.64876788854599,0.32341939210891724,2.8385109901428223,0.1441326530612245
Attention-CNN,ISIC_0030716,0,0,0.2621704339981079,,,0.13285235969387754
Attention-CNN,ISIC_0027800,0,1,0.7172747254371643,0.30730974674224854,2.74141788482666,0.13928970025510204
Attention-CNN,ISIC_0024924,0,1,0.7243702411651611,0.5314280390739441,5.389620780944824,0.17384805484693877
Attention-CNN,ISIC_0032309,0,0,0.227944016456604,0.00720448000356555,0.09880652278661728,0.06841916454081633
Attention-CNN,ISIC_0029774,0,0,0.20127466320991516,,,0.4368223852040816
Attention-CNN,ISIC_0029394,0,0,0.21629783511161804,0.4832236170768738,0.8774210810661316,0.5159040178571429
Attention-CNN,ISIC_0025491,0,1,0.5079922676086426,0.6385161876678467,0.5296106338500977,0.7693319515306123
Attention-CNN,ISIC_0033883,1,1,0.6632580161094666,0.21371163427829742,2.6560118198394775,0.09283322704081633
Attention-CNN,ISIC_0031829,0,1,0.5472124814987183,0.274558424949646,6.97920036315918,0.051438934948979595
Attention-CNN,ISIC_0030438,0,0,0.08478232473134995,,,0.1419403698979592
Attention-CNN,ISIC_0029927,0,1,0.5073097348213196,0.008761798031628132,0.21825647354125977,0.03892299107142857
Attention-CNN,ISIC_0033178,1,1,0.7050759792327881,0.813634991645813,8.187716484069824,0.3477758290816326
Attention-CNN,ISIC_0026110,0,0,0.13727936148643494,,,0.08500079719387756
Attention-CNN,ISIC_0026198,0,0,0.1253727823495865,,,0.26132015306122447
Attention-CNN,ISIC_0027110,0,0,0.2811211347579956,0.07251773774623871,0.1826251596212387,0.29978475765306123
Attention-CNN,ISIC_0028818,0,0,0.3507991433143616,0.08229686319828033,0.2710728943347931,0.24858498086734693
Attention-CNN,ISIC_0032284,0,1,0.5169113278388977,0.6656227111816406,3.6632797718048096,0.35208067602040816
Attention-CNN,ISIC_0028166,0,1,0.5701588988304138,0.6190426349639893,2.363210439682007,0.40744579081632654
Attention-CNN,ISIC_0028840,0,0,0.29831162095069885,,,0.43363360969387754
Attention-CNN,ISIC_0027947,0,0,0.1747707575559616,,,0.38279257015306123
Attention-CNN,ISIC_0026580,0,0,0.26925110816955566,0.19480569660663605,1.0547305345535278,0.1865832270408163
Attention-CNN,ISIC_0024569,0,0,0.14541691541671753,,,0.14939413265306123
Attention-CNN,ISIC_0033775,0,0,0.40018579363822937,0.20028139650821686,2.5149800777435303,0.09056122448979592
Attention-CNN,ISIC_0026352,1,0,0.4584309458732605,0.2017265409231186,0.5986799001693726,0.2968152104591837
Attention-CNN,ISIC_0033269,1,0,0.4246959090232849,0.3345615565776825,0.3544151484966278,0.5865353954081632
Attention-CNN,ISIC_0029022,0,1,0.5284044742584229,0.054598599672317505,0.6107032895088196,0.08639588647959184
Attention-CNN,ISIC_0025146,0,0,0.08969055861234665,,,0.05494658801020408
Attention-CNN,ISIC_0029448,0,0,0.4413376450538635,0.35298284888267517,2.664686441421509,0.16994180484693877
Attention-CNN,ISIC_0027107,0,0,0.41061124205589294,0.18524415791034698,0.5414814949035645,0.295719068877551
Attention-CNN,ISIC_0033294,0,1,0.6883736252784729,0.8342836499214172,6.179086208343506,0.4489596619897959
Attention-CNN,ISIC_0025790,0,0,0.43521302938461304,0.7543423771858215,2.9831130504608154,0.5072345344387755
Attention-CNN,ISIC_0029941,0,1,0.5085083246231079,0.9527538418769836,13.581253051757812,0.5975566007653061
Attention-CNN,ISIC_0032709,1,1,0.7771008014678955,0.7204560041427612,5.558404445648193,0.31678491709183676
Attention-CNN,ISIC_0031798,0,0,0.3438432216644287,0.0001788985391613096,0.001095813000574708,0.14036591198979592
Attention-CNN,ISIC_0029327,0,0,0.29369989037513733,0.0,0.0,0.16005660076530612
Attention-CNN,ISIC_0032073,0,0,0.05583701655268669,,,0.14317602040816327
Attention-CNN,ISIC_0030014,1,0,0.4998587965965271,0.06778326630592346,1.771774172782898,0.03942123724489796
Attention-CNN,ISIC_0032273,0,0,0.41037517786026,0.7801204323768616,2.138559341430664,0.6239237882653061
Attention-CNN,ISIC_0032896,0,0,0.4983702003955841,0.5042564868927002,4.093234062194824,0.19903938137755103
Attention-CNN,ISIC_0028270,0,0,0.2540534734725952,0.17958736419677734,0.27719274163246155,0.4412468112244898
Attention-CNN,ISIC_0031272,0,1,0.5360366702079773,0.8199670910835266,6.267479419708252,0.42085857780612246
Attention-CNN,ISIC_0026166,0,0,0.25762197375297546,,,0.4353077168367347
Attention-CNN,ISIC_0031187,0,0,0.0,,,0.08248963647959184
Attention-CNN,ISIC_0028528,0,1,0.7050050497055054,0.6824455261230469,3.3508596420288086,0.3907445790816326
Attention-CNN,ISIC_0026150,1,1,0.7655665278434753,0.3692425787448883,7.488492012023926,0.07250478316326531
Attention-CNN,ISIC_0033052,0,0,0.4951271116733551,0.2944599688053131,1.4848310947418213,0.21940768494897958
Attention-CNN,ISIC_0025459,0,0,0.09591525793075562,,,0.1447704081632653
Attention-CNN,ISIC_0027454,0,1,0.5329294800758362,0.28731459379196167,0.8563916087150574,0.3200733418367347
Attention-CNN,ISIC_0030499,0,0,0.1703873723745346,,,0.2913345025510204
Attention-CNN,ISIC_0031833,0,0,0.4682927131652832,0.22314117848873138,0.72287917137146,0.284359056122449
Attention-CNN,ISIC_0033749,0,1,0.5487911701202393,0.624726414680481,7.384038925170898,0.18397241709183673
Attention-CNN,ISIC_0027139,0,0,0.36300724744796753,0.010254349559545517,0.015545272268354893,0.39993223852040816
Attention-CNN,ISIC_0032747,0,1,0.535561740398407,0.2910821735858917,2.5042693614959717,0.1408641581632653
Attention-CNN,ISIC_0029088,0,0,0.3225633203983307,0.42314958572387695,0.32377758622169495,0.6937779017857143
Attention-CNN,ISIC_0030817,0,1,0.5454936623573303,0.7233973741531372,3.8649539947509766,0.4035794005102041
Attention-CNN,ISIC_0025355,0,1,0.5024552941322327,0.6702873110771179,3.4148764610290527,0.3731664540816326
Attention-CNN,ISIC_0030608,0,1,0.5519598126411438,0.20139355957508087,1.2531059980392456,0.16753029336734693
Attention-CNN,ISIC_0029834,0,0,0.22813452780246735,,,0.07186702806122448
Attention-CNN,ISIC_0027935,0,0,0.2833336591720581,0.0021936893463134766,0.010585418902337551,0.17197464923469388
Attention-CNN,ISIC_0028121,0,1,0.5549402236938477,0.909894585609436,1.5755327939987183,0.8650350765306123
Attention-CNN,ISIC_0026735,1,1,0.5407845377922058,0.9733977317810059,7.217921733856201,0.8352399553571429
Attention-CNN,ISIC_0033794,0,0,0.39491719007492065,0.5325601696968079,2.6699867248535156,0.2990872130102041
Attention-CNN,ISIC_0025035,1,1,0.6935188174247742,0.42131105065345764,5.598650932312012,0.11507493622448979
Attention-CNN,ISIC_0030687,0,0,0.36388346552848816,0.0,0.0,0.12404336734693877
Attention-CNN,ISIC_0026287,0,0,0.28726527094841003,,,0.3336854272959184
Attention-CNN,ISIC_0025045,0,0,0.4422893524169922,0.04774464666843414,0.212685227394104,0.1907684948979592
Attention-CNN,ISIC_0027755,0,0,0.48801189661026,0.31674906611442566,1.2872103452682495,0.26478794642857145
Attention-CNN,ISIC_0026388,0,0,0.43425631523132324,0.28966987133026123,0.4967029392719269,0.4508529974489796
Attention-CNN,ISIC_0027083,0,1,0.5278844833374023,0.24595583975315094,1.8040426969528198,0.15312101403061223
Attention-CNN,ISIC_0032163,0,1,0.5467019081115723,0.14497263729572296,1.9274400472640991,0.08085538903061225
Attention-CNN,ISIC_0031183,0,0,0.1844528317451477,,,0.22570551658163265
Attention-CNN,ISIC_0033970,0,0,0.33059772849082947,0.0,0.0,0.08001833545918367
Attention-CNN,ISIC_0027833,0,0,0.351537823677063,0.4044164717197418,1.9339653253555298,0.25986527423469385
Attention-CNN,ISIC_0026836,0,0,0.1899099051952362,,,0.10361527423469388
Attention-CNN,ISIC_0033183,1,1,0.5987830758094788,0.7958897948265076,5.859863758087158,0.39955357142857145
Attention-CNN,ISIC_0029725,0,1,0.6376474499702454,0.1829196661710739,6.05850887298584,0.035634566326530615
Attention-CNN,ISIC_0032749,0,0,0.3455577492713928,1.6526726653864898e-08,3.3815979350038106e-08,0.3282844387755102
Attention-CNN,ISIC_0028471,0,0,0.18717962503433228,,,0.1328722895408163
Attention-CNN,ISIC_0025909,0,1,0.6666922569274902,0.69419264793396,10.165948867797852,0.1825374681122449
Attention-CNN,ISIC_0033982,0,0,0.23842838406562805,0.0,0.0,0.06792091836734694
Attention-CNN,ISIC_0034118,1,0,0.3801288306713104,0.10766226798295975,0.9250953197479248,0.11537388392857142
Attention-CNN,ISIC_0033709,0,0,0.3555576205253601,0.05299067497253418,0.10020632296800613,0.3583187181122449
Attention-CNN,ISIC_0030867,0,0,0.10420242697000504,,,0.2895607461734694
Attention-CNN,ISIC_0029966,0,0,0.18205443024635315,,,0.10536910076530612
Attention-CNN,ISIC_0025604,0,0,0.1200827807188034,0.9926643967628479,49.13086700439453,0.7336375956632653
Attention-CNN,ISIC_0030699,0,0,0.13389867544174194,,,0.6816804846938775
Attention-CNN,ISIC_0032130,0,0,0.11018727719783783,,,0.15495455994897958
Attention-CNN,ISIC_0032399,0,0,0.11386453360319138,0.002970218425616622,0.006591178476810455,0.3112842793367347
Attention-CNN,ISIC_0026616,0,0,0.168569415807724,0.0018534658011049032,0.009123904630541801,0.1691047512755102
Attention-CNN,ISIC_0027733,0,0,0.06349322944879532,,,0.2876076211734694
Attention-CNN,ISIC_0030797,0,0,0.15294449031352997,0.2620442509651184,0.5403337478637695,0.3965640943877551
Attention-CNN,ISIC_0029001,0,0,0.38551247119903564,0.02618861012160778,0.10064756870269775,0.2108577806122449
Attention-CNN,ISIC_0031174,0,0,0.37885770201683044,0.1357385218143463,0.07570124417543411,0.6747648278061225
Attention-CNN,ISIC_0027275,0,0,0.18578100204467773,,,0.16191007653061223
Attention-CNN,ISIC_0032578,0,0,0.39615491032600403,0.0010916691971942782,0.011895166710019112,0.08414381377551021
Attention-CNN,ISIC_0029441,0,0,0.19909577071666718,,,0.10024713010204081
Attention-CNN,ISIC_0028870,0,0,0.32967549562454224,,,0.07686941964285714
Attention-CNN,ISIC_0032992,0,0,0.1362374871969223,,,0.3269092793367347
Attention-CNN,ISIC_0026127,0,0,0.24774998426437378,,,0.4243662308673469
Attention-CNN,ISIC_0031367,0,0,0.28025946021080017,0.0003185271634720266,0.001214504474774003,0.20782844387755103
Attention-CNN,ISIC_0025125,0,0,0.12594470381736755,,,0.3950693558673469
Attention-CNN,ISIC_0032504,1,1,0.6870939135551453,0.7204990386962891,2.9275991916656494,0.46823182397959184
Attention-CNN,ISIC_0033724,0,0,0.4282750189304352,0.004567768890410662,0.3507261872291565,0.012914540816326531
Attention-CNN,ISIC_0027340,0,1,0.587868869304657,0.6924691200256348,11.3408842086792,0.16565688775510204
Attention-CNN,ISIC_0030898,1,1,0.6319249272346497,0.2861780822277069,5.299301624298096,0.07033242984693877
Attention-CNN,ISIC_0028850,0,0,0.14446119964122772,,,0.1755420918367347
Attention-CNN,ISIC_0025546,1,0,0.3349367678165436,0.0013652908382937312,0.0047978912480175495,0.2217594068877551
Attention-CNN,ISIC_0030214,0,0,0.2355964332818985,0.0,0.0,0.10375478316326531
Attention-CNN,ISIC_0031819,0,0,0.3542679250240326,0.9901415705680847,133.9266815185547,0.4285514987244898
Attention-CNN,ISIC_0027173,0,0,0.22796647250652313,,,0.19951769770408162
Attention-CNN,ISIC_0033888,0,0,0.47215536236763,0.13740022480487823,0.5065205097198486,0.23923788265306123
Attention-CNN,ISIC_0026250,0,0,0.2332761585712433,,,0.18120216836734693
Attention-CNN,ISIC_0032353,0,0,0.17342118918895721,0.0,0.0,0.18000637755102042
Attention-CNN,ISIC_0032995,0,0,0.17724297940731049,,,0.47261639030612246
Attention-CNN,ISIC_0032965,1,1,0.7440040707588196,0.8103666305541992,5.753265380859375,0.4261997767857143
Attention-CNN,ISIC_0029410,0,0,0.13311955332756042,,,0.08597735969387756
Attention-CNN,ISIC_0030052,0,0,0.03879060223698616,,,0.21324936224489796
Attention-CNN,ISIC_0028521,0,0,0.2504091262817383,,,0.11013233418367346
Attention-CNN,ISIC_0031517,1,1,0.7484777569770813,0.42507705092430115,3.5287344455718994,0.17323022959183673
Attention-CNN,ISIC_0032030,0,1,0.5155219435691833,0.7853519320487976,4.748968124389648,0.43516820790816324
Attention-CNN,ISIC_0030753,0,0,0.09062524139881134,,,0.6902901785714286
Attention-CNN,ISIC_0031995,0,0,0.11643045395612717,0.0001771450333762914,0.0001548994769109413,0.5335419323979592
Attention-CNN,ISIC_0031340,0,0,0.284731924533844,0.0,0.0,0.1564094387755102
Attention-CNN,ISIC_0034145,1,1,0.7252234816551208,0.743105411529541,4.062901496887207,0.41587611607142855
Attention-CNN,ISIC_0026660,0,0,0.1311313509941101,0.0,0.0,0.01132015306122449
Attention-CNN,ISIC_0032927,1,0,0.21397121250629425,0.0,0.0,0.18674266581632654
Attention-CNN,ISIC_0027530,0,0,0.039449531584978104,,,0.03246572066326531
Attention-CNN,ISIC_0033864,0,1,0.5502380728721619,0.4944937527179718,4.1091508865356445,0.19228316326530612
Attention-CNN,ISIC_0029564,0,0,0.37857019901275635,3.5338780435267836e-05,0.0014205067418515682,0.024274553571428572
Attention-CNN,ISIC_0024679,1,1,0.5474854111671448,0.6097705364227295,2.9403202533721924,0.34701849489795916
Attention-CNN,ISIC_0028016,0,0,0.17463339865207672,,,0.11766581632653061
Attention-CNN,ISIC_0025133,0,1,0.5384536981582642,0.8994705080986023,6.700127124786377,0.5718072385204082
Attention-CNN,ISIC_0029624,0,0,0.12169354408979416,,,0.29952566964285715
Attention-CNN,ISIC_0026055,0,1,0.5463821291923523,0.2781045734882355,8.409076690673828,0.04380580357142857
Attention-CNN,ISIC_0028150,0,0,0.23424255847930908,0.02788008376955986,0.09797332435846329,0.22644292091836735
Attention-CNN,ISIC_0025820,0,0,0.246249720454216,0.0,0.0,0.27634725765306123
Attention-CNN,ISIC_0024585,0,0,0.1142469272017479,,,0.22580516581632654
Attention-CNN,ISIC_0033591,0,1,0.570788562297821,0.2346489131450653,4.876514911651611,0.05915178571428571
Attention-CNN,ISIC_0026407,0,0,0.10966228693723679,,,0.43576610331632654
Attention-CNN,ISIC_0031115,0,0,0.11685394495725632,,,0.6628866390306123
Attention-CNN,ISIC_0030930,0,0,0.3512488007545471,0.013362748548388481,0.11970531195402145,0.1016422193877551
Attention-CNN,ISIC_0030084,0,0,0.1753353625535965,0.0,0.0,0.13616071428571427
Attention-CNN,ISIC_0028638,0,0,0.2768543064594269,0.0,0.0,0.2477080676020408
Attention-CNN,ISIC_0034133,0,1,0.8020063638687134,0.6260929107666016,3.745690107345581,0.30893255739795916
Attention-CNN,ISIC_0025370,0,1,0.5116949677467346,0.30399665236473083,5.168239593505859,0.07792570153061225
Attention-CNN,ISIC_0025156,0,0,0.31107425689697266,0.0022205268032848835,0.05816669389605522,0.03685028698979592
Attention-CNN,ISIC_0034030,0,0,0.3644913136959076,0.0,0.0,0.054767219387755105
Attention-CNN,ISIC_0028230,0,0,0.4490484595298767,0.6815149188041687,11.201323509216309,0.1603954081632653
Attention-CNN,ISIC_0031570,0,1,0.5575897097587585,0.43456530570983887,1.9081207513809204,0.28712930484693877
Attention-CNN,ISIC_0033369,1,0,0.49997738003730774,0.5313154458999634,8.370308876037598,0.11928013392857142
Attention-CNN,ISIC_0029174,0,0,0.3965443968772888,,,0.11312181122448979
Attention-CNN,ISIC_0031921,0,0,0.22717030346393585,0.0,0.0,0.11639030612244898
Attention-CNN,ISIC_0029368,0,0,0.48969128727912903,0.39518147706985474,10.049981117248535,0.061045121173469385
Attention-CNN,ISIC_0026144,0,0,0.17383676767349243,,,0.12707270408163265
Attention-CNN,ISIC_0029336,0,0,0.40550878643989563,0.07964952290058136,0.17203901708126068,0.33468191964285715
Attention-CNN,ISIC_0031189,1,1,0.685871422290802,0.6034694910049438,3.6324665546417236,0.29526068239795916
Attention-CNN,ISIC_0032555,0,1,0.5912627577781677,0.30175215005874634,2.369015693664551,0.15427694515306123
Attention-CNN,ISIC_0025557,0,1,0.63555508852005,0.17649085819721222,2.2043755054473877,0.08860809948979592
Attention-CNN,ISIC_0031299,0,0,0.3866884708404541,0.0,0.0,0.03150908801020408
Attention-CNN,ISIC_0024773,0,0,0.24976876378059387,0.01937216706573963,0.021884288638830185,0.474430006377551
Attention-CNN,ISIC_0027424,0,0,0.1347232460975647,0.018109818920493126,0.04656760394573212,0.2837013711734694
Attention-CNN,ISIC_0032112,0,0,0.22541876137256622,0.15483659505844116,1.493324637413025,0.10927535076530612
Attention-CNN,ISIC_0028677,0,0,0.2032623291015625,,,0.3490513392857143
Attention-CNN,ISIC_0024418,0,0,0.12870214879512787,,,0.057736766581632654
Attention-CNN,ISIC_0032884,0,0,0.19644106924533844,,,0.17287149234693877
Attention-CNN,ISIC_0026911,0,0,0.4868437647819519,0.014823118224740028,0.5913438200950623,0.02481265943877551
Attention-CNN,ISIC_0032966,0,0,0.4807797074317932,0.4035055935382843,14.256288528442383,0.04530054209183673
Attention-CNN,ISIC_0034058,0,0,0.2754990756511688,0.06256356090307236,0.16438086330890656,0.2887635522959184
Attention-CNN,ISIC_0030563,0,0,0.22122202813625336,0.051957666873931885,0.1715804487466812,0.24208785076530612
Attention-CNN,ISIC_0032316,0,0,0.35223183035850525,0.0,0.0,0.05725845025510204
DeiT,ISIC_0025542,0,0,0.0006275363848544657,0.147520050406456,2.4149882793426514,0.06686463647959184
DeiT,ISIC_0030365,0,0,0.10304567217826843,0.4268130958080292,0.8791247010231018,0.45858577806122447
DeiT,ISIC_0029214,0,0,0.0014430205337703228,0.012714185751974583,0.05286917835474014,0.19587053571428573
DeiT,ISIC_0024794,0,0,0.0005481970147229731,0.21940870583057404,0.4904448390007019,0.3643176020408163
DeiT,ISIC_0033830,0,0,0.008031098172068596,0.06141871586441994,0.370085209608078,0.15025111607142858
DeiT,ISIC_0032392,0,0,0.0001678057888057083,0.801770031452179,3.380776882171631,0.5447026466836735
DeiT,ISIC_0032748,0,0,0.004954505246132612,0.33489325642585754,1.0223935842514038,0.32997847576530615
DeiT,ISIC_0032277,0,0,0.004615952260792255,0.3923499882221222,0.8346158862113953,0.43618463010204084
DeiT,ISIC_0026014,0,0,0.060631778091192245,0.4204358458518982,0.46548956632614136,0.6091358418367347
DeiT,ISIC_0033221,0,0,0.011994246393442154,0.2053965926170349,1.1361308097839355,0.18534757653061223
DeiT,ISIC_0025427,0,0,0.0055046468041837215,0.36569634079933167,0.5080129504203796,0.5315888073979592
DeiT,ISIC_0024807,0,0,0.00014590805221814662,0.3988911807537079,0.499600887298584,0.5704918686224489
DeiT,ISIC_0025250,0,0,0.01013573445379734,0.0032394060399383307,0.091502346098423,0.034299266581632654
DeiT,ISIC_0029041,0,0,0.11621842533349991,0.294172078371048,0.8842164278030396,0.32035235969387754
DeiT,ISIC_0027124,0,0,0.0003193156444467604,0.35547327995300293,1.6596901416778564,0.2494220344387755
DeiT,ISIC_0027357,0,0,0.00024044973542913795,0.009330453351140022,0.05126924440264702,0.1551937181122449
DeiT,ISIC_0033840,0,0,0.010307925753295422,0.07211362570524216,1.4953300952911377,0.04940609056122449
DeiT,ISIC_0034168,0,0,0.3904430866241455,0.6634799242019653,7.03237247467041,0.21896922831632654
DeiT,ISIC_0027068,0,0,0.003453838638961315,0.014556190930306911,0.10704994946718216,0.12125318877551021
DeiT,ISIC_0033416,1,0,0.03089878335595131,0.5434963703155518,3.682403326034546,0.24431999362244897
DeiT,ISIC_0027601,0,0,0.002048058668151498,0.08758371323347092,0.3000980019569397,0.2423469387755102
DeiT,ISIC_0031401,1,0,0.2604500651359558,0.403469055891037,0.811518132686615,0.4545798788265306
DeiT,ISIC_0028992,0,0,0.02620093524456024,0.6489182710647583,0.9408180713653564,0.6626873405612245
DeiT,ISIC_0024985,0,0,0.00022572367743123323,0.11939596384763718,0.5570517778396606,0.19575095663265307
DeiT,ISIC_0027650,0,0,0.08238181471824646,0.3645409643650055,0.5472598671913147,0.5117785395408163
DeiT,ISIC_0029249,0,0,0.07296313345432281,0.25399816036224365,1.4862838983535767,0.18638392857142858
DeiT,ISIC_0033210,0,0,0.08230619132518768,0.33486875891685486,2.0076448917388916,0.20049426020408162
DeiT,ISIC_0032364,0,0,0.026969367638230324,0.314619243144989,1.2765414714813232,0.2644889987244898
DeiT,ISIC_0033549,0,0,0.0026546067092567682,0.4142114222049713,3.482234477996826,0.1687858737244898
DeiT,ISIC_0031044,0,0,0.04392354562878609,0.18119750916957855,0.2613494396209717,0.4585060586734694
DeiT,ISIC_0026620,0,0,0.00029172084759920835,0.19916404783725739,0.45266103744506836,0.35459183673469385
DeiT,ISIC_0024323,1,0,0.000940936675760895,0.16507376730442047,0.3966769278049469,0.33262914540816324
DeiT,ISIC_0033811,0,0,0.08857067674398422,0.15435844659805298,1.0790131092071533,0.1446906887755102
DeiT,ISIC_0031387,0,0,0.0011104150908067822,0.26973196864128113,0.33553171157836914,0.5239955357142857
DeiT,ISIC_0029154,0,0,0.0003101288166362792,0.3974687159061432,2.1120100021362305,0.23800223214285715
DeiT,ISIC_0028284,0,0,0.00027689558919519186,0.06812000274658203,0.6469324231147766,0.10152264030612244
DeiT,ISIC_0034225,0,0,0.0008371114963665605,0.08047766983509064,0.6719845533370972,0.115234375
DeiT,ISIC_0029733,0,0,0.0003942357434425503,0.02860918641090393,0.1619199514389038,0.1538982780612245
DeiT,ISIC_0026806,0,0,0.00012246689584571868,0.19969633221626282,1.6570074558258057,0.13087930484693877
DeiT,ISIC_0027000,0,0,0.0003583594225347042,0.2548501193523407,1.21381676197052,0.21982621173469388
DeiT,ISIC_0024716,0,0,0.07596273720264435,0.08115651458501816,1.5458111763000488,0.05404974489795918
DeiT,ISIC_0032360,0,0,0.0002814152685459703,0.706040620803833,4.524672985076904,0.3467594068877551
DeiT,ISIC_0026573,0,1,0.9795793294906616,0.2458648830652237,4.908696174621582,0.06228077168367347
DeiT,ISIC_0026540,0,0,0.0007490770076401532,0.7697209119796753,23.351093292236328,0.12521922831632654
DeiT,ISIC_0030246,1,0,0.016114912927150726,0.22224342823028564,0.5458106994628906,0.3436304209183674
DeiT,ISIC_0032586,1,1,0.9902600646018982,0.5334681868553162,1.0978248119354248,0.5101841517857143
DeiT,ISIC_0028846,0,0,0.037354107946157455,0.20289340615272522,2.143447160720825,0.10614636479591837
DeiT,ISIC_0029476,0,0,0.0029706170316785574,0.007181529887020588,0.09995699673891068,0.06748246173469388
DeiT,ISIC_0033251,0,0,0.025903254747390747,0.0011758098844438791,0.05156110227108002,0.022321428571428572
DeiT,ISIC_0032165,0,0,0.014270713552832603,0.08746297657489777,0.2616862952709198,0.2680763711734694
DeiT,ISIC_0033287,1,1,0.8311852216720581,0.13376353681087494,2.5359063148498535,0.05739795918367347
DeiT,ISIC_0031217,0,0,0.007494673598557711,0.011275558732450008,0.3077338635921478,0.03573421556122449
DeiT,ISIC_0032672,1,1,0.9509031772613525,0.5449732542037964,2.349186420440674,0.33767139668367346
DeiT,ISIC_0031999,1,0,0.009922852739691734,0.1956210732460022,0.8463191390037537,0.22321428571428573
DeiT,ISIC_0033752,1,0,0.4463348686695099,0.1736680120229721,0.27078476548194885,0.43698182397959184
DeiT,ISIC_0027254,0,0,0.06840850412845612,0.6641038656234741,0.8724183440208435,0.6938376913265306
DeiT,ISIC_0026607,0,0,0.010917001403868198,0.06077006459236145,0.3576328158378601,0.15320073341836735
DeiT,ISIC_0024843,0,0,0.002422148594632745,0.18266774713993073,0.27495017647743225,0.44838169642857145
DeiT,ISIC_0030808,0,0,0.0003248555294703692,0.39068710803985596,0.6733114719390869,0.4877830038265306
DeiT,ISIC_0032787,0,0,0.0003807289176620543,0.3605867922306061,2.3477702140808105,0.19367825255102042
DeiT,ISIC_0024785,0,0,0.0010938706109300256,0.014146680943667889,0.15224207937717438,0.08613679846938775
DeiT,ISIC_0031541,0,0,0.0019700319971889257,0.0006070833187550306,0.015735452994704247,0.03716916454081633
DeiT,ISIC_0030276,0,0,0.17786048352718353,0.6204102039337158,0.581911563873291,0.7374441964285714
DeiT,ISIC_0028452,0,0,0.00012308445002418011,0.27908816933631897,0.5521233081817627,0.4121691645408163
DeiT,ISIC_0033001,0,0,0.016416560858488083,0.5054509043693542,0.8852036595344543,0.5358737244897959
DeiT,ISIC_0027662,0,0,0.0013468771940097213,0.5659128427505493,1.2419911623001099,0.5121173469387755
DeiT,ISIC_0025894,0,0,0.00030109137878753245,0.8913034796714783,130.47195434570312,0.05913185586734694
DeiT,ISIC_0031555,0,0,0.1272905021905899,0.0034934915602207184,0.42344558238983154,0.00821109693877551
DeiT,ISIC_0028944,0,0,0.019659128040075302,0.514339804649353,1.1025643348693848,0.4899354272959184
DeiT,ISIC_0030226,0,0,0.0008572604274377227,0.31055718660354614,1.1115167140960693,0.2883848852040816
DeiT,ISIC_0030115,0,0,0.002225662348791957,0.21002399921417236,0.564299464225769,0.3202527104591837
DeiT,ISIC_0028156,1,0,0.0010837746085599065,0.34875819087028503,1.517861008644104,0.2608019770408163
DeiT,ISIC_0029033,1,0,0.008287615142762661,0.6551275849342346,3.982595920562744,0.3229432397959184
DeiT,ISIC_0024986,0,0,0.0011141108116135001,7.223537977552041e-05,0.0010393033735454082,0.06499123086734694
DeiT,ISIC_0032447,1,1,0.9991508722305298,0.11212973296642303,0.3947816491127014,0.24236686862244897
DeiT,ISIC_0028762,0,0,0.0007172836922109127,0.7289785742759705,25.770959854125977,0.09450733418367346
DeiT,ISIC_0029934,0,0,0.0003470346855465323,0.20094652473926544,1.8006081581115723,0.12254862882653061
DeiT,ISIC_0030302,0,0,0.00028006487991660833,0.09925896674394608,0.7839241623878479,0.12324617346938775
DeiT,ISIC_0027928,0,0,0.0003143843205180019,0.41254279017448425,5.943576812744141,0.10566804846938775
DeiT,ISIC_0031951,0,0,0.04493866115808487,0.42544499039649963,1.0017242431640625,0.42502391581632654
DeiT,ISIC_0027036,0,0,0.0014039690140634775,0.0025361229199916124,0.009650494903326035,0.20852598852040816
DeiT,ISIC_0026482,0,0,0.0004027477407362312,0.3458375036716461,1.417523980140686,0.2716438137755102
DeiT,ISIC_0025217,0,0,0.00026333017740398645,0.31475359201431274,0.9998223781585693,0.31479193239795916
DeiT,ISIC_0032045,0,0,0.009305980987846851,0.7798328399658203,1.5928828716278076,0.6897919323979592
DeiT,ISIC_0033633,0,0,0.052045587450265884,0.40351903438568115,1.2292912006378174,0.3549705038265306
DeiT,ISIC_0032875,1,0,0.12262677401304245,0.34305381774902344,1.8586903810501099,0.2193279655612245
DeiT,ISIC_0026808,0,0,0.0002579488791525364,0.8668235540390015,5.963949203491211,0.521843112244898
DeiT,ISIC_0025951,0,0,0.00027042010333389044,0.8119446039199829,46.812679290771484,0.08444276147959184
DeiT,ISIC_0027109,0,0,0.0003466940834186971,0.10785416513681412,1.3850470781326294,0.08027742346938775
DeiT,ISIC_0032620,0,0,0.008714431896805763,0.5504476428031921,1.393926739692688,0.46763392857142855
DeiT,ISIC_0024856,0,0,0.0001296759583055973,0.15998736023902893,1.8067070245742798,0.09536431760204081
DeiT,ISIC_0028177,0,0,0.0003328212187625468,0.16143657267093658,1.1459442377090454,0.14383370535714285
DeiT,ISIC_0029527,0,0,0.00820334441959858,0.33509981632232666,0.5231038928031921,0.49069276147959184
DeiT,ISIC_0027645,0,0,0.09505955874919891,0.007215321063995361,0.5964857935905457,0.012037627551020409
DeiT,ISIC_0029806,0,0,0.00028003205079585314,0.5832386016845703,2.078284740447998,0.4024035395408163
DeiT,ISIC_0029511,0,0,0.00037028492079116404,0.2627193033695221,0.5805484652519226,0.38034119897959184
DeiT,ISIC_0030943,0,0,0.0008154588867910206,0.2765672206878662,1.4780646562576294,0.20549665178571427
DeiT,ISIC_0033170,0,0,0.31348735094070435,0.1705753654241562,1.519633173942566,0.11920041454081633
DeiT,ISIC_0033590,0,0,0.015923358500003815,0.0,0.0,0.05921157525510204
DeiT,ISIC_0025236,0,0,0.0002679501776583493,0.06705580651760101,0.7847571969032288,0.0839046556122449
DeiT,ISIC_0031805,0,0,0.0003067810903303325,0.2687435746192932,1.843539834022522,0.16621492346938777
DeiT,ISIC_0030666,0,1,0.8579850196838379,0.06575557589530945,2.4219048023223877,0.0282405931122449
DeiT,ISIC_0033831,1,0,0.21817657351493835,0.5712839365005493,3.1872830390930176,0.29482222576530615
DeiT,ISIC_0034171,0,0,0.0005978557164780796,0.6900861859321594,12.422184944152832,0.1520049426020408
DeiT,ISIC_0031957,1,0,0.0010210409527644515,0.07999706268310547,0.3809243440628052,0.18584582270408162
DeiT,ISIC_0024327,0,0,0.0003205478424206376,0.3951784372329712,1.6829943656921387,0.27965561224489793
DeiT,ISIC_0032211,0,0,0.0002452354528941214,0.2319529950618744,0.3619174361228943,0.45487882653061223
DeiT,ISIC_0026092,0,0,0.0058125779032707214,0.3246614336967468,4.183134078979492,0.10307716836734694
DeiT,ISIC_0032590,0,0,0.018528364598751068,0.016318587586283684,0.389254093170166,0.04087611607142857
DeiT,ISIC_0029203,0,0,0.00183198438026011,0.5809503197669983,0.8957030177116394,0.6075015943877551
DeiT,ISIC_0032863,0,1,0.9784510135650635,0.3892518877983093,6.794449806213379,0.08575813137755102
DeiT,ISIC_0031560,0,0,0.06823723763227463,0.4278791844844818,3.8952436447143555,0.1610730229591837
DeiT,ISIC_0029928,0,0,0.00033902644645422697,0.13219071924686432,0.2678806781768799,0.36250398596938777
DeiT,ISIC_0028119,0,0,0.00014690440730191767,0.6353306174278259,5.911860466003418,0.2276187818877551
DeiT,ISIC_0031896,0,0,0.05368287116289139,0.18523217737674713,3.7088844776153564,0.05775669642857143
DeiT,ISIC_0029525,0,0,0.012760311365127563,0.3341117799282074,0.5986436009407043,0.4559749681122449
DeiT,ISIC_0026455,0,0,0.015300649218261242,0.9620674252510071,1.0249782800674438,0.9611567283163265
DeiT,ISIC_0032645,1,0,0.03343960642814636,0.137006014585495,0.9687414169311523,0.14080436862244897
DeiT,ISIC_0025843,0,0,0.00036169347004033625,0.24054844677448273,1.0811609029769897,0.22658242984693877
DeiT,ISIC_0032663,0,0,0.02499060519039631,0.5615441799163818,7.026144504547119,0.15417729591836735
DeiT,ISIC_0025296,0,0,0.0003320916148368269,0.005939011462032795,0.016260799020528793,0.26869419642857145
DeiT,ISIC_0034197,0,0,0.1937711536884308,0.43341711163520813,0.7910789251327515,0.49160953443877553
DeiT,ISIC_0024492,0,0,0.0006247113924473524,0.5912221670150757,18.088106155395508,0.07403938137755102
DeiT,ISIC_0030136,0,0,0.003533432260155678,0.4454876482486725,2.483527183532715,0.24441964285714285
DeiT,ISIC_0027373,0,0,0.002136346185579896,0.42037731409072876,6.788814067840576,0.09652024872448979
DeiT,ISIC_0028661,0,0,0.0001795026328181848,0.34537187218666077,2.0178093910217285,0.2072704081632653
DeiT,ISIC_0034242,1,0,0.018310392275452614,0.35431841015815735,1.1726701259613037,0.3187779017857143
DeiT,ISIC_0026173,0,0,0.00025253777857869864,0.8492450714111328,1.3398422002792358,0.8078563456632653
DeiT,ISIC_0032206,0,0,0.00457799294963479,0.013695383444428444,0.09883430600166321,0.12318638392857142
DeiT,ISIC_0029188,0,0,0.004156912676990032,0.026673760265111923,0.1627308577299118,0.1441326530612245
DeiT,ISIC_0030716,0,0,0.0004916403559036553,0.24908481538295746,2.1651108264923096,0.13285235969387754
DeiT,ISIC_0027800,0,0,0.004847665783017874,0.04602000117301941,0.29808861017227173,0.13928970025510204
DeiT,ISIC_0024924,0,0,0.010686122812330723,0.2749845087528229,1.8023996353149414,0.17384805484693877
DeiT,ISIC_0032309,0,0,0.005181310698390007,0.02361191064119339,0.3292694389820099,0.06841916454081633
DeiT,ISIC_0029774,0,0,0.00019989222346339375,0.7278026938438416,3.447230815887451,0.4368223852040816
DeiT,ISIC_0029394,0,0,0.000985126942396164,0.3453400433063507,0.4949869215488434,0.5159040178571429
DeiT,ISIC_0025491,0,0,0.018109165132045746,0.7613794207572937,0.9566803574562073,0.7693319515306123
DeiT,ISIC_0033883,1,1,0.9556945562362671,0.19724780321121216,2.401122570037842,0.09283322704081633
DeiT,ISIC_0031829,0,1,0.9281695485115051,0.3264751732349396,8.938607215881348,0.051438934948979595
DeiT,ISIC_0030438,0,0,0.0001721143926260993,0.42544499039649963,4.476343154907227,0.1419403698979592
DeiT,ISIC_0029927,0,0,0.05932465195655823,0.0031467312946915627,0.0779436007142067,0.03892299107142857
DeiT,ISIC_0033178,1,1,0.8246085047721863,0.7282965183258057,5.027020454406738,0.3477758290816326
DeiT,ISIC_0026110,0,0,0.0004036377649754286,0.32189562916755676,5.109945297241211,0.08500079719387756
DeiT,ISIC_0026198,0,0,0.0002719969197642058,0.1668815314769745,0.5662195682525635,0.26132015306122447
DeiT,ISIC_0027110,0,0,0.0002963789738714695,0.21762876212596893,0.649718701839447,0.29978475765306123
DeiT,ISIC_0028818,0,0,0.0015992396511137486,0.0503351092338562,0.16021588444709778,0.24858498086734693
DeiT,ISIC_0032284,0,0,0.022968122735619545,0.15499968826770782,0.33756136894226074,0.35208067602040816
DeiT,ISIC_0028166,0,0,0.03345349803566933,0.14800375699996948,0.2526348829269409,0.40744579081632654
DeiT,ISIC_0028840,0,0,0.000957195064984262,0.18618197739124298,0.2988029420375824,0.43363360969387754
DeiT,ISIC_0027947,0,0,0.00041506090201437473,0.4284152388572693,1.2085144519805908,0.38279257015306123
DeiT,ISIC_0026580,0,0,0.006605835631489754,0.03900367021560669,0.17693926393985748,0.1865832270408163
DeiT,ISIC_0024569,0,0,0.0001529165601823479,0.2743126451969147,2.152242422103882,0.14939413265306123
DeiT,ISIC_0033775,0,0,0.002119707874953747,0.06376154720783234,0.6839173436164856,0.09056122448979592
DeiT,ISIC_0026352,1,0,0.006483673118054867,0.16743291914463043,0.47643643617630005,0.2968152104591837
DeiT,ISIC_0033269,1,1,0.6280604004859924,0.4724428355693817,0.63128262758255,0.5865353954081632
DeiT,ISIC_0029022,0,0,0.2438923567533493,0.10601867735385895,1.2540618181228638,0.08639588647959184
DeiT,ISIC_0025146,0,0,0.00026836383040063083,0.011155741289258003,0.19403773546218872,0.05494658801020408
DeiT,ISIC_0029448,0,0,0.00634003896266222,0.8720586895942688,33.29226303100586,0.16994180484693877
DeiT,ISIC_0027107,0,0,0.0007165847928263247,0.3546997904777527,1.309078574180603,0.295719068877551
DeiT,ISIC_0033294,0,0,0.013098113238811493,0.4576414227485657,1.0356544256210327,0.4489596619897959
DeiT,ISIC_0025790,0,0,0.021752141416072845,0.35164251923561096,0.5268879532814026,0.5072345344387755
DeiT,ISIC_0029941,0,0,0.0006224772660061717,0.39396345615386963,0.43780720233917236,0.5975566007653061
DeiT,ISIC_0032709,1,0,0.4090375006198883,0.5780360698699951,2.9544224739074707,0.31678491709183676
DeiT,ISIC_0031798,0,0,0.00044504759716801345,0.11564550548791885,0.800855815410614,0.14036591198979592
DeiT,ISIC_0029327,0,0,0.00031181247322820127,0.25829076766967773,1.8274757862091064,0.16005660076530612
DeiT,ISIC_0032073,0,0,0.0001524857070762664,0.14833751320838928,1.0423290729522705,0.14317602040816327
DeiT,ISIC_0030014,1,1,0.9474395513534546,0.04759791120886803,1.2177839279174805,0.03942123724489796
DeiT,ISIC_0032273,0,0,0.227332204580307,0.6804565787315369,1.283556342124939,0.6239237882653061
DeiT,ISIC_0032896,0,0,0.0011521060951054096,0.03560342267155647,0.14856217801570892,0.19903938137755103
DeiT,ISIC_0028270,0,0,0.000527814612723887,0.17110778391361237,0.2614027261734009,0.4412468112244898
DeiT,ISIC_0031272,0,0,0.4737756550312042,0.577221155166626,1.8787866830825806,0.42085857780612246
DeiT,ISIC_0026166,0,0,0.0003501647734083235,0.3164603114128113,0.6005802154541016,0.4353077168367347
DeiT,ISIC_0031187,0,0,0.0006571816047653556,0.612102210521698,17.55166244506836,0.08248963647959184
DeiT,ISIC_0028528,0,0,0.025436442345380783,0.4730571210384369,1.3997695446014404,0.3907445790816326
DeiT,ISIC_0026150,1,0,0.09795546531677246,0.13638457655906677,2.020179033279419,0.07250478316326531
DeiT,ISIC_0033052,0,0,0.001428139046765864,0.7209993600845337,9.193946838378906,0.21940768494897958
DeiT,ISIC_0025459,0,0,0.0002208852383773774,0.725147008895874,15.585779190063477,0.1447704081632653
DeiT,ISIC_0027454,0,0,0.003589772852137685,0.31180912256240845,0.9624817371368408,0.3200733418367347
DeiT,ISIC_0030499,0,0,0.0001825162034947425,0.5057594776153564,2.48917293548584,0.2913345025510204
DeiT,ISIC_0031833,0,0,0.0005147985648363829,0.20013678073883057,0.6297081708908081,0.284359056122449
DeiT,ISIC_0033749,0,0,0.09354107081890106,0.5568476915359497,5.5735955238342285,0.18397241709183673
DeiT,ISIC_0027139,0,0,0.0004915363388136029,0.1837674230337143,0.3378068804740906,0.39993223852040816
DeiT,ISIC_0032747,0,0,0.0014812618028372526,0.0897907093167305,0.6016604900360107,0.1408641581632653
DeiT,ISIC_0029088,0,0,0.0006124392966739833,0.6908037066459656,0.9861353635787964,0.6937779017857143
DeiT,ISIC_0030817,0,0,0.004042226355522871,0.6685798764228821,2.9812471866607666,0.4035794005102041
DeiT,ISIC_0025355,0,0,0.001585097168572247,0.6022486686706543,2.543395519256592,0.3731664540816326
DeiT,ISIC_0030608,0,0,0.04804952070116997,0.18320801854133606,1.1145720481872559,0.16753029336734693
DeiT,ISIC_0029834,0,0,0.000235071056522429,0.1185849979519844,1.7375200986862183,0.07186702806122448
DeiT,ISIC_0027935,0,0,0.0002408997534075752,0.0026337886229157448,0.012714681215584278,0.17197464923469388
DeiT,ISIC_0028121,0,0,0.04130299761891365,0.8331349492073059,0.778999388217926,0.8650350765306123
DeiT,ISIC_0026735,1,1,0.9455224275588989,0.8073942065238953,0.8269076347351074,0.8352399553571429
DeiT,ISIC_0033794,0,0,0.0010186019353568554,0.3013373017311096,1.0107680559158325,0.2990872130102041
DeiT,ISIC_0025035,1,0,0.0023097102530300617,0.032657962292432785,0.25961798429489136,0.11507493622448979
DeiT,ISIC_0030687,0,0,0.07433522492647171,0.11802076548337936,0.9449506402015686,0.12404336734693877
DeiT,ISIC_0026287,0,0,0.0001819034368963912,0.2066313475370407,0.520071804523468,0.3336854272959184
DeiT,ISIC_0025045,0,0,0.005448305979371071,0.1770133227109909,0.9123873710632324,0.1907684948979592
DeiT,ISIC_0027755,0,0,0.000380818935809657,0.10350343585014343,0.3205682635307312,0.26478794642857145
DeiT,ISIC_0026388,0,0,0.025149885565042496,0.3839302957057953,0.7590600848197937,0.4508529974489796
DeiT,ISIC_0027083,0,1,0.5077475309371948,0.10568643361330032,0.6536058783531189,0.15312101403061223
DeiT,ISIC_0032163,0,0,0.011883525177836418,0.027279365807771683,0.31880196928977966,0.08085538903061225
DeiT,ISIC_0031183,0,0,0.00028645669226534665,0.36351722478866577,1.959306240081787,0.22570551658163265
DeiT,ISIC_0033970,0,0,0.0029307405930012465,0.0020793417934328318,0.023956293240189552,0.08001833545918367
DeiT,ISIC_0027833,0,0,0.005104179959744215,0.141877681016922,0.4708985388278961,0.25986527423469385
DeiT,ISIC_0026836,0,0,0.0001778268488124013,0.15556417405605316,1.5937258005142212,0.10361527423469388
DeiT,ISIC_0033183,1,0,0.15523752570152283,0.31515395641326904,0.6915587186813354,0.39955357142857145
DeiT,ISIC_0029725,0,0,0.26434263586997986,0.037918828427791595,1.0666289329528809,0.035634566326530615
DeiT,ISIC_0032749,0,0,0.08962742984294891,0.35256123542785645,1.1142202615737915,0.3282844387755102
DeiT,ISIC_0028471,0,0,0.000362360937288031,0.08843362331390381,0.6331079602241516,0.1328722895408163
DeiT,ISIC_0025909,0,0,0.009937882423400879,0.20698830485343933,1.1689127683639526,0.1825374681122449
DeiT,ISIC_0033982,0,0,0.0023006584960967302,0.09670009464025497,1.4690759181976318,0.06792091836734694
DeiT,ISIC_0034118,1,1,0.9840965270996094,0.18843697011470795,1.7803120613098145,0.11537388392857142
DeiT,ISIC_0033709,0,0,0.03717684745788574,0.18700923025608063,0.41193369030952454,0.3583187181122449
DeiT,ISIC_0030867,0,0,0.0003862638841383159,0.5394997596740723,2.8744096755981445,0.2895607461734694
DeiT,ISIC_0029966,0,0,0.00020553964714054018,0.5710256099700928,11.301989555358887,0.10536910076530612
DeiT,ISIC_0025604,0,0,0.0003141844645142555,0.6914272308349609,0.8135422468185425,0.7336375956632653
DeiT,ISIC_0030699,0,0,0.000299805193208158,0.7274946570396423,1.2466295957565308,0.6816804846938775
DeiT,ISIC_0032130,0,0,8.561983122490346e-05,0.27733346819877625,2.0928592681884766,0.15495455994897958
DeiT,ISIC_0032399,0,0,0.0006094594136811793,0.2792220413684845,0.8570990562438965,0.3112842793367347
DeiT,ISIC_0026616,0,0,0.00020915252389386296,0.13333871960639954,0.7559574246406555,0.1691047512755102
DeiT,ISIC_0027733,0,0,0.00017231290985364467,0.7117424011230469,6.115908145904541,0.2876076211734694
DeiT,ISIC_0030797,0,0,0.0005457893130369484,0.1925368756055832,0.36283478140830994,0.3965640943877551
DeiT,ISIC_0029001,0,0,0.005397696513682604,0.06528749316930771,0.2614072561264038,0.2108577806122449
DeiT,ISIC_0031174,0,0,0.000550281023606658,0.3231125771999359,0.2300819307565689,0.6747648278061225
DeiT,ISIC_0027275,0,0,0.00031561290961690247,0.4558134078979492,4.335667610168457,0.16191007653061223
DeiT,ISIC_0032578,0,0,0.0004351700481493026,0.3181433081626892,5.078492164611816,0.08414381377551021
DeiT,ISIC_0029441,0,0,0.002021458698436618,0.017164994031190872,0.15675243735313416,0.10024713010204081
DeiT,ISIC_0028870,0,0,0.0007972991443239152,0.4630608558654785,10.356727600097656,0.07686941964285714
DeiT,ISIC_0032992,0,0,0.0005339240888133645,0.3615069091320038,1.1657536029815674,0.3269092793367347
DeiT,ISIC_0026127,0,0,0.00013439744361676276,0.43823447823524475,1.058173418045044,0.4243662308673469
DeiT,ISIC_0031367,0,0,0.00046181114157661796,0.15426194667816162,0.6952439546585083,0.20782844387755103
DeiT,ISIC_0025125,0,0,0.0002102865109918639,0.4165380001068115,1.0931360721588135,0.3950693558673469
DeiT,ISIC_0032504,1,0,0.016897626221179962,0.5845731496810913,1.5981067419052124,0.46823182397959184
DeiT,ISIC_0033724,0,0,0.016935979947447777,0.00426653353497386,0.32749736309051514,0.012914540816326531
DeiT,ISIC_0027340,0,0,0.0022669844329357147,0.0451396182179451,0.23809660971164703,0.16565688775510204
DeiT,ISIC_0030898,1,1,0.9435220956802368,0.09489855915307999,1.3859081268310547,0.07033242984693877
DeiT,ISIC_0028850,0,0,0.0002863816043827683,0.7621312141418457,15.048026084899902,0.1755420918367347
DeiT,ISIC_0025546,1,0,0.0014012681785970926,0.280436635017395,1.3677210807800293,0.2217594068877551
DeiT,ISIC_0030214,0,0,0.00023043047985993326,0.37385356426239014,5.157559871673584,0.10375478316326531
DeiT,ISIC_0031819,0,0,0.0040659476071596146,0.8080435395240784,5.61314058303833,0.4285514987244898
DeiT,ISIC_0027173,0,0,0.00031282659620046616,0.24750110507011414,1.3195979595184326,0.19951769770408162
DeiT,ISIC_0033888,0,0,0.010923662222921848,0.0830550566315651,0.2880326807498932,0.23923788265306123
DeiT,ISIC_0026250,0,0,0.00033322922536171973,0.5358142852783203,5.215978145599365,0.18120216836734693
DeiT,ISIC_0032353,0,0,0.0003196022007614374,0.48702308535575867,4.324882507324219,0.18000637755102042
DeiT,ISIC_0032995,0,0,0.00014782013022340834,0.5931044816970825,1.6265454292297363,0.47261639030612246
DeiT,ISIC_0032965,1,0,0.022527730092406273,0.4084736108779907,0.9296882152557373,0.4261997767857143
DeiT,ISIC_0029410,0,0,0.0003558117023203522,0.37883877754211426,6.483700275421143,0.08597735969387756
DeiT,ISIC_0030052,0,0,0.00011296626325929537,0.5340721607208252,4.228931903839111,0.21324936224489796
DeiT,ISIC_0028521,0,0,0.00018537859432399273,0.7296466827392578,21.806779861450195,0.11013233418367346
DeiT,ISIC_0031517,1,1,0.6559242606163025,0.13880740106105804,0.769260048866272,0.17323022959183673
DeiT,ISIC_0032030,0,0,0.0013982179807499051,0.40936043858528137,0.8995914459228516,0.43516820790816324
DeiT,ISIC_0030753,0,0,0.00011293644638499245,0.68312007188797,0.9672209620475769,0.6902901785714286
DeiT,ISIC_0031995,0,0,0.0003314725763630122,0.30939993262290955,0.3916856348514557,0.5335419323979592
DeiT,ISIC_0031340,0,0,0.005897635128349066,0.021507391706109047,0.11854929476976395,0.1564094387755102
DeiT,ISIC_0034145,1,0,0.008067522197961807,0.2499014288187027,0.4679412841796875,0.41587611607142855
DeiT,ISIC_0026660,0,0,0.11929135769605637,0.040339287370443344,3.6712493896484375,0.01132015306122449
DeiT,ISIC_0032927,1,0,0.11805367469787598,0.05379705876111984,0.2476045787334442,0.18674266581632654
DeiT,ISIC_0027530,0,0,0.04366329684853554,0.05741828680038452,1.8154008388519287,0.03246572066326531
DeiT,ISIC_0033864,0,0,0.004027298651635647,0.5622356534004211,5.395054340362549,0.19228316326530612
DeiT,ISIC_0029564,0,0,0.0009781090775504708,0.0016496360767632723,0.06641736626625061,0.024274553571428572
DeiT,ISIC_0024679,1,0,0.06519924104213715,0.29233482480049133,0.7773219347000122,0.34701849489795916
DeiT,ISIC_0028016,0,0,0.00022466899827122688,0.015778370201587677,0.12021316587924957,0.11766581632653061
DeiT,ISIC_0025133,0,0,0.015797367319464684,0.34251877665519714,0.3901132643222809,0.5718072385204082
DeiT,ISIC_0029624,0,0,0.0007249860791489482,0.332044392824173,1.1625367403030396,0.29952566964285715
DeiT,ISIC_0026055,0,0,0.13173438608646393,0.014758327044546604,0.3269706964492798,0.04380580357142857
DeiT,ISIC_0028150,0,0,0.003092736704275012,0.14363937079906464,0.5729944705963135,0.22644292091836735
DeiT,ISIC_0025820,0,0,0.00045845884596928954,0.07401958853006363,0.2093244194984436,0.27634725765306123
DeiT,ISIC_0024585,0,0,0.0002556571562308818,0.24317200481891632,1.101622462272644,0.22580516581632654
DeiT,ISIC_0033591,0,0,0.03903516009449959,0.05272480845451355,0.8853002190589905,0.05915178571428571
DeiT,ISIC_0026407,0,0,0.0002633189142215997,0.44773101806640625,1.0497169494628906,0.43576610331632654
DeiT,ISIC_0031115,0,0,0.0009184351656585932,0.6951670050621033,1.1597484350204468,0.6628866390306123
DeiT,ISIC_0030930,0,0,0.01051281951367855,0.035030659288167953,0.32085588574409485,0.1016422193877551
DeiT,ISIC_0030084,0,0,0.00031230540480464697,0.013786201365292072,0.08868592232465744,0.13616071428571427
DeiT,ISIC_0028638,0,0,0.0003275115741416812,0.1191524788737297,0.4108172059059143,0.2477080676020408
DeiT,ISIC_0034133,0,0,0.0018692795420065522,0.0677126869559288,0.16247141361236572,0.30893255739795916
DeiT,ISIC_0025370,0,0,0.25746384263038635,0.05209966376423836,0.6503653526306152,0.07792570153061225
DeiT,ISIC_0025156,0,0,0.030969159677624702,0.01376575231552124,0.3648150563240051,0.03685028698979592
DeiT,ISIC_0034030,0,0,0.009759961627423763,0.05268589407205582,0.9598833322525024,0.054767219387755105
DeiT,ISIC_0028230,0,0,0.008734948001801968,0.07977469265460968,0.4537888467311859,0.1603954081632653
DeiT,ISIC_0031570,0,0,0.038003213703632355,0.23502744734287262,0.7627917528152466,0.28712930484693877
DeiT,ISIC_0033369,1,1,0.7497302293777466,0.20441672205924988,1.8971444368362427,0.11928013392857142
DeiT,ISIC_0029174,0,0,0.0005671348189935088,0.898272693157196,69.22903442382812,0.11312181122448979
DeiT,ISIC_0031921,0,0,0.0002551907964516431,0.09865754842758179,0.8309677839279175,0.11639030612244898
DeiT,ISIC_0029368,0,0,0.0007831981056369841,0.0033674368169158697,0.05197064206004143,0.061045121173469385
DeiT,ISIC_0026144,0,0,0.00010644846042850986,0.7155212163925171,17.278186798095703,0.12707270408163265
DeiT,ISIC_0029336,0,0,0.0005388744757510722,0.059308625757694244,0.12533368170261383,0.33468191964285715
DeiT,ISIC_0031189,1,1,0.8958553075790405,0.41498708724975586,1.6931366920471191,0.29526068239795916
DeiT,ISIC_0032555,0,1,0.6246523857116699,0.16169217228889465,1.0573348999023438,0.15427694515306123
DeiT,ISIC_0025557,0,1,0.6254151463508606,0.07442373782396317,0.8270485997200012,0.08860809948979592
DeiT,ISIC_0031299,0,0,0.002214682288467884,0.00019374718249309808,0.005956336390227079,0.03150908801020408
DeiT,ISIC_0024773,0,0,0.03571031242609024,0.4305061995983124,0.8374306559562683,0.474430006377551
DeiT,ISIC_0027424,0,0,0.0007674697553738952,0.4621948003768921,2.1698648929595947,0.2837013711734694
DeiT,ISIC_0032112,0,0,0.0005291629349812865,0.07709137350320816,0.6808764934539795,0.10927535076530612
DeiT,ISIC_0028677,0,0,0.00020797012257389724,0.2915802001953125,0.7675819396972656,0.3490513392857143
DeiT,ISIC_0024418,0,0,0.0021667289547622204,0.2723529636859894,6.1084513664245605,0.057736766581632654
DeiT,ISIC_0032884,0,0,0.0007674972293898463,0.16023965179920197,0.9129862189292908,0.17287149234693877
DeiT,ISIC_0026911,0,0,0.20418258011341095,0.060758836567401886,2.5424184799194336,0.02481265943877551
DeiT,ISIC_0032966,0,0,0.07020904123783112,0.1051735207438469,2.477027654647827,0.04530054209183673
DeiT,ISIC_0034058,0,0,0.4022614061832428,0.08237452805042267,0.22110529243946075,0.2887635522959184
DeiT,ISIC_0030563,0,0,0.0003164194349665195,0.23819084465503693,0.9788694381713867,0.24208785076530612
DeiT,ISIC_0032316,0,0,0.0003085459757130593,0.02607116289436817,0.4407438039779663,0.05725845025510204
